timestamp_utc,site_id,zone_id,cycle_id,dataset_role,sample_interval_minutes,zone_area_m2,theta_10cm_m3_m3,theta_25cm_m3_m3,irrigation_command_mm,irrigation_delivered_mm,flow_l_min,cumulative_water_l,air_temperature_c,relative_humidity_pct,solar_radiation_w_m2,reference_theta_10cm_m3_m3,reference_theta_25cm_m3_m3,root_depth_m,crop_stage,sensor_status,notes
2026-05-01T00:00:00Z,SYNTHETIC_TWO_LAYER_SITE,ZONE_01,B01,identification,15,10.0,0.1902913541908399,0.20537435232405474,0.0,0.0,0.0,0.0,20.1,69.39810053461622,0.0,0.19,0.205,0.3,synthetic_vegetative,ok,independent_synthetic_two_layer_bridge_only
2026-05-01T00:15:00Z,SYNTHETIC_TWO_LAYER_SITE,ZONE_01,B01,identification,15,10.0,0.19057507008680968,0.2046495548115205,0.0,0.0,0.0,0.0,20.1,68.34177443119889,0.0,,,0.3,synthetic_vegetative,ok,independent_synthetic_two_layer_bridge_only
2026-05-01T00:30:00Z,SYNTHETIC_TWO_LAYER_SITE,ZONE_01,B01,identification,15,10.0,0.1989113011617519,0.20396320411249633,1.0,0.8592267821078476,0.5728178547385651,8.592267821078476,20.1,67.2899716783265,0.0,,,0.3,synthetic_vegetative,ok,independent_synthetic_two_layer_bridge_only
2026-05-01T00:45:00Z,SYNTHETIC_TWO_LAYER_SITE,ZONE_01,B01,identification,15,10.0,0.20480399410844682,0.20356347155321766,1.0,0.8669965402320517,0.5779976934880345,17.262233223398994,20.1,66.24719625686258,0.0,,,0.3,synthetic_vegetative,ok,independent_synthetic_two_layer_bridge_only
2026-05-01T01:00:00Z,SYNTHETIC_TWO_LAYER_SITE,ZONE_01,B01,identification,15,10.0,0.21118082280310643,0.2057707061480477,1.0,0.8633342606337377,0.5755561737558251,25.895575829736373,20.1,65.21791349125164,0.0,,,0.3,synthetic_vegetative,ok,independent_synthetic_two_layer_bridge_only
2026-05-01T01:15:00Z,SYNTHETIC_TWO_LAYER_SITE,ZONE_01,B01,identification,15,10.0,0.2175010437190999,0.20618563556369507,1.0,0.8631898120023038,0.5754598746682026,34.52747394975941,20.1,64.20653092831436,0.0,,,0.3,synthetic_vegetative,ok,independent_synthetic_two_layer_bridge_only
2026-05-01T01:30:00Z,SYNTHETIC_TWO_LAYER_SITE,ZONE_01,B01,identification,15,10.0,0.22305442486122562,0.20588304901590612,1.0,0.8683428080257473,0.5788952053504982,43.21090203001688,20.1,63.217379463455536,0.0,,,0.3,synthetic_vegetative,ok,independent_synthetic_two_layer_bridge_only
2026-05-01T01:45:00Z,SYNTHETIC_TWO_LAYER_SITE,ZONE_01,B01,identification,15,10.0,0.22857582152137804,0.2078621183158439,1.0,0.8586295404286433,0.5724196936190954,51.797197434303314,20.1,62.25469479510498,0.0,,,0.3,synthetic_vegetative,ok,independent_synthetic_two_layer_bridge_only
2026-05-01T02:00:00Z,SYNTHETIC_TWO_LAYER_SITE,ZONE_01,B01,identification,15,10.0,0.23426587705348323,0.20869536407290107,1.0,0.8682893473811439,0.5788595649207626,60.480090908114754,20.1,61.32259928680662,0.0,,,0.3,synthetic_vegetative,ok,independent_synthetic_two_layer_bridge_only
2026-05-01T02:15:00Z,SYNTHETIC_TWO_LAYER_SITE,ZONE_01,B01,identification,15,10.0,0.23877046227925594,0.20982258173949167,1.0,0.8602126595122817,0.5734751063415211,69.08221750323757,20.1,60.425084314624876,0.0,,,0.3,synthetic_vegetative,ok,independent_synthetic_two_layer_bridge_only
2026-05-01T02:30:00Z,SYNTHETIC_TWO_LAYER_SITE,ZONE_01,B01,identification,15,10.0,0.24356879246603463,0.21099583031455837,1.0,0.8590184071366718,0.5726789380911145,77.6724015746043,20.1,59.56599317545965,0.0,,,0.3,synthetic_vegetative,ok,independent_synthetic_two_layer_bridge_only
2026-05-01T02:45:00Z,SYNTHETIC_TWO_LAYER_SITE,ZONE_01,B01,identification,15,10.0,0.2474897903873057,0.21364339514873723,1.0,0.861351143982711,0.574234095988474,86.2859130144314,20.1,58.74900462945894,0.0,,,0.3,synthetic_vegetative,ok,independent_synthetic_two_layer_bridge_only
2026-05-01T03:00:00Z,SYNTHETIC_TWO_LAYER_SITE,ZONE_01,B01,identification,15,10.0,0.2453595687156316,0.21346122041432503,0.0,0.0,0.0,86.2859130144314,20.1,57.97761714700302,0.0,,,0.3,synthetic_vegetative,ok,independent_synthetic_two_layer_bridge_only
2026-05-01T03:15:00Z,SYNTHETIC_TWO_LAYER_SITE,ZONE_01,B01,identification,15,10.0,0.24432977849277415,0.21522772666728537,0.0,0.0,0.0,86.2859130144314,20.1,57.255133927717395,0.0,,,0.3,synthetic_vegetative,ok,independent_synthetic_two_layer_bridge_only
2026-05-01T03:30:00Z,SYNTHETIC_TWO_LAYER_SITE,ZONE_01,B01,identification,15,10.0,0.24231680519680787,0.21650937791508829,0.0,0.0,0.0,86.2859130144314,20.1,56.584648755664645,0.0,,,0.3,synthetic_vegetative,ok,independent_synthetic_two_layer_bridge_only
2026-05-01T03:45:00Z,SYNTHETIC_TWO_LAYER_SITE,ZONE_01,B01,identification,15,10.0,0.24086388764111882,0.2170606377757783,0.0,0.0,0.0,86.2859130144314,20.1,55.96903275128627,0.0,,,0.3,synthetic_vegetative,ok,independent_synthetic_two_layer_bridge_only
2026-05-01T04:00:00Z,SYNTHETIC_TWO_LAYER_SITE,ZONE_01,B01,identification,15,10.0,0.2391307547057733,0.21891485187484544,0.0,0.0,0.0,86.2859130144314,20.1,55.41092207682412,0.0,,,0.3,synthetic_vegetative,ok,independent_synthetic_two_layer_bridge_only
2026-05-01T04:15:00Z,SYNTHETIC_TWO_LAYER_SITE,ZONE_01,B01,identification,15,10.0,0.23751363848578977,0.21915393866486335,0.0,0.0,0.0,86.2859130144314,20.1,54.91270664786894,0.0,,,0.3,synthetic_vegetative,ok,independent_synthetic_two_layer_bridge_only
2026-05-01T04:30:00Z,SYNTHETIC_TWO_LAYER_SITE,ZONE_01,B01,identification,15,10.0,0.23672616223213377,0.22025231991410357,0.0,0.0,0.0,86.2859130144314,20.1,54.47651989937492,0.0,,,0.3,synthetic_vegetative,ok,independent_synthetic_two_layer_bridge_only
2026-05-01T04:45:00Z,SYNTHETIC_TWO_LAYER_SITE,ZONE_01,B01,identification,15,10.0,0.23527890700402418,0.22095585660389203,0.0,0.0,0.0,86.2859130144314,20.1,54.104229649963756,0.0,,,0.3,synthetic_vegetative,ok,independent_synthetic_two_layer_bridge_only
2026-05-01T05:00:00Z,SYNTHETIC_TWO_LAYER_SITE,ZONE_01,B01,identification,15,10.0,0.2337665969721341,0.22073528270240544,0.0,0.0,0.0,86.2859130144314,20.1,53.79743010363843,0.0,,,0.3,synthetic_vegetative,ok,independent_synthetic_two_layer_bridge_only
2026-05-01T05:15:00Z,SYNTHETIC_TWO_LAYER_SITE,ZONE_01,B01,identification,15,10.0,0.2334942977173248,0.2206444130981469,0.0,0.0,0.0,86.2859130144314,20.1,53.55743502315706,0.0,,,0.3,synthetic_vegetative,ok,independent_synthetic_two_layer_bridge_only
2026-05-01T05:30:00Z,SYNTHETIC_TWO_LAYER_SITE,ZONE_01,B01,identification,15,10.0,0.23290839225464366,0.22106686439204284,0.0,0.0,0.0,86.2859130144314,20.1,53.38527210429896,0.0,,,0.3,synthetic_vegetative,ok,independent_synthetic_two_layer_bridge_only
2026-05-01T05:45:00Z,SYNTHETIC_TWO_LAYER_SITE,ZONE_01,B01,identification,15,10.0,0.23155477472943672,0.22131065396517954,0.0,0.0,0.0,86.2859130144314,20.1,53.28167857511363,0.0,,,0.3,synthetic_vegetative,ok,independent_synthetic_two_layer_bridge_only
2026-05-01T06:00:00Z,SYNTHETIC_TWO_LAYER_SITE,ZONE_01,B01,identification,15,10.0,0.23036778340091985,0.22295188072035632,0.0,0.0,0.0,86.2859130144314,20.1,53.24709803899701,0.0,,,0.3,synthetic_vegetative,ok,independent_synthetic_two_layer_bridge_only
2026-05-01T06:15:00Z,SYNTHETIC_TWO_LAYER_SITE,ZONE_01,B01,identification,15,10.0,0.23011437839255514,0.22185118863109618,0.0,0.0,0.0,86.2859130144314,20.557821904611004,53.908247461660565,20.230639343002487,,,0.3,synthetic_vegetative,ok,independent_synthetic_two_layer_bridge_only
2026-05-01T06:30:00Z,SYNTHETIC_TWO_LAYER_SITE,ZONE_01,B01,identification,15,10.0,0.22910060034141108,0.22256335409061667,0.0,0.0,0.0,86.2859130144314,21.01368334554036,54.62688539565136,41.36909092215274,,,0.3,synthetic_vegetative,ok,independent_synthetic_two_layer_bridge_only
2026-05-01T06:45:00Z,SYNTHETIC_TWO_LAYER_SITE,ZONE_01,B01,identification,15,10.0,0.22835305247905552,0.22243466897141717,0.0,0.0,0.0,86.2859130144314,21.4656322541129,55.3944235856295,63.89797544443702,,,0.3,synthetic_vegetative,ok,independent_synthetic_two_layer_bridge_only
2026-05-01T07:00:00Z,SYNTHETIC_TWO_LAYER_SITE,ZONE_01,B01,identification,15,10.0,0.22729165700834136,0.22300244196195837,0.0,0.0,0.0,86.2859130144314,21.911733315717647,56.20264843516679,88.16840753656598,,,0.3,synthetic_vegetative,ok,independent_synthetic_two_layer_bridge_only
2026-05-01T07:15:00Z,SYNTHETIC_TWO_LAYER_SITE,ZONE_01,B01,identification,15,10.0,0.22712758025150603,0.22238202563973067,0.0,0.0,0.0,86.2859130144314,22.350076257122133,57.043799859265846,114.36256047540036,,,0.3,synthetic_vegetative,ok,independent_synthetic_two_layer_bridge_only
2026-05-01T07:30:00Z,SYNTHETIC_TWO_LAYER_SITE,ZONE_01,B01,identification,15,10.0,0.22651355582949695,0.2219264041897499,0.0,0.0,0.0,86.2859130144314,22.77878402655563,57.91063095174205,142.46882337111262,,,0.3,synthetic_vegetative,ok,independent_synthetic_two_layer_bridge_only
2026-05-01T07:45:00Z,SYNTHETIC_TWO_LAYER_SITE,ZONE_01,B01,identification,15,10.0,0.22620298493480914,0.22355219586423872,0.0,0.0,0.0,86.2859130144314,23.196020831533012,58.79644997803793,172.27144484030097,,,0.3,synthetic_vegetative,ok,independent_synthetic_two_layer_bridge_only
2026-05-01T08:00:00Z,SYNTHETIC_TWO_LAYER_SITE,ZONE_01,B01,identification,15,10.0,0.22550662912769817,0.22214436321544231,0.0,0.0,0.0,86.2859130144314,23.6,59.69514647494911,203.35551173379017,,,0.3,synthetic_vegetative,ok,independent_synthetic_two_layer_bridge_only
2026-05-01T08:15:00Z,SYNTHETIC_TWO_LAYER_SITE,ZONE_01,B01,identification,15,10.0,0.22491379513696802,0.221888909561977,0.0,0.0,0.0,86.2859130144314,23.988991631137218,60.60120339395502,235.12700376531984,,,0.3,synthetic_vegetative,ok,independent_synthetic_two_layer_bridge_only
2026-05-01T08:30:00Z,SYNTHETIC_TWO_LAYER_SITE,ZONE_01,B01,identification,15,10.0,0.22416736799891473,0.2227307238245675,0.0,0.0,0.0,86.2859130144314,24.361330003061045,61.50969728079154,266.8465742986921,,,0.3,synthetic_vegetative,ok,independent_synthetic_two_layer_bridge_only
2026-05-01T08:45:00Z,SYNTHETIC_TWO_LAYER_SITE,ZONE_01,B01,identification,15,10.0,0.22450834333994996,0.22241980431945058,0.0,0.0,0.0,86.2859130144314,24.71542070570048,62.41628845823391,297.6747122683239,,,0.3,synthetic_vegetative,ok,independent_synthetic_two_layer_bridge_only
2026-05-01T09:00:00Z,SYNTHETIC_TWO_LAYER_SITE,ZONE_01,B01,identification,15,10.0,0.22322372065810075,0.22239913612650067,0.0,0.0,0.0,86.2859130144314,25.04974746830583,63.31720308939004,326.7251116164177,,,0.3,synthetic_vegetative,ok,independent_synthetic_two_layer_bridge_only
2026-05-01T09:15:00Z,SYNTHETIC_TWO_LAYER_SITE,ZONE_01,B01,identification,15,10.0,0.2222644520913698,0.22184122301828474,0.0,0.0,0.0,86.2859130144314,25.362878652352844,64.20920886178577,353.12247221650915,,,0.3,synthetic_vegetative,ok,independent_synthetic_two_layer_bridge_only
2026-05-01T09:30:00Z,SYNTHETIC_TWO_LAYER_SITE,ZONE_01,B01,identification,15,10.0,0.22161406254262603,0.22163744985545308,0.0,0.0,0.0,86.2859130144314,25.653473382038648,65.08958586315431,376.0606233514868,,,0.3,synthetic_vegetative,ok,independent_synthetic_two_layer_bridge_only
2026-05-01T09:45:00Z,SYNTHETIC_TWO_LAYER_SITE,ZONE_01,B01,identification,15,10.0,0.22089028835313104,0.2223177065561159,0.0,0.0,0.0,86.2859130144314,25.92028728611782,65.95609403111347,394.85682150185187,,,0.3,synthetic_vegetative,ok,independent_synthetic_two_layer_bridge_only
2026-05-01T10:00:00Z,SYNTHETIC_TWO_LAYER_SITE,ZONE_01,B01,identification,15,10.0,0.21983199488033697,0.22172540576498964,0.0,0.0,0.0,86.2859130144314,26.16217782649107,66.80693836161437,408.9983315725685,,,0.3,synthetic_vegetative,ok,independent_synthetic_two_layer_bridge_only
2026-05-01T10:15:00Z,SYNTHETIC_TWO_LAYER_SITE,ZONE_01,B01,identification,15,10.0,0.21954797724405806,0.22139642633607448,0.0,0.0,0.0,86.2859130144314,26.37810919072882,67.64073286378336,418.1779366314156,,,0.3,synthetic_vegetative,ok,independent_synthetic_two_layer_bridge_only
2026-05-01T10:30:00Z,SYNTHETIC_TWO_LAYER_SITE,ZONE_01,B01,identification,15,10.0,0.21863148118656145,0.2214079057266787,0.0,0.0,0.0,86.2859130144314,26.567156727579007,68.4564640580987,422.31579771610564,,,0.3,synthetic_vegetative,ok,independent_synthetic_two_layer_bridge_only
2026-05-01T10:45:00Z,SYNTHETIC_TWO_LAYER_SITE,ZONE_01,B01,identification,15,10.0,0.21771491841459675,0.22137008771347824,0.0,0.0,0.0,86.2859130144314,26.72851090646574,69.25345463545341,421.5660470532152,,,0.3,synthetic_vegetative,ok,independent_synthetic_two_layer_bridge_only
2026-05-01T11:00:00Z,SYNTHETIC_TWO_LAYER_SITE,ZONE_01,B01,identification,15,10.0,0.2175780752230971,0.2198680715255559,0.0,0.0,0.0,86.2859130144314,26.861480784023477,70.03132772968034,416.30757661756195,,,0.3,synthetic_vegetative,ok,independent_synthetic_two_layer_bridge_only
2026-05-01T11:15:00Z,SYNTHETIC_TWO_LAYER_SITE,ZONE_01,B01,identification,15,10.0,0.217840950396506,0.220394316780739,0.0,0.0,0.0,86.2859130144314,26.965496962822613,70.78997210739779,407.1196024724762,,,0.3,synthetic_vegetative,ok,independent_synthetic_two_layer_bridge_only
2026-05-01T11:30:00Z,SYNTHETIC_TWO_LAYER_SITE,ZONE_01,B01,identification,15,10.0,0.21806851916222675,0.22032698444888035,0.0,0.0,0.0,86.2859130144314,27.040114029616674,71.52950844739992,394.7436640138847,,,0.3,synthetic_vegetative,ok,independent_synthetic_two_layer_bridge_only
2026-05-01T11:45:00Z,SYNTHETIC_TWO_LAYER_SITE,ZONE_01,B01,identification,15,10.0,0.2171534913312027,0.22002549784159067,0.0,0.0,0.0,86.2859130144314,27.085012462670225,72.25025676737505,380.0346791532538,,,0.3,synthetic_vegetative,ok,independent_synthetic_two_layer_bridge_only
2026-05-01T12:00:00Z,SYNTHETIC_TWO_LAYER_SITE,ZONE_01,B01,identification,15,10.0,0.21604041054655201,0.21905541831422062,0.0,0.0,0.0,86.2859130144314,27.1,72.95270495809456,363.9044529857779,,,0.3,synthetic_vegetative,ok,independent_synthetic_two_layer_bridge_only
2026-05-01T12:15:00Z,SYNTHETIC_TWO_LAYER_SITE,ZONE_01,B01,identification,15,10.0,0.21555545713835567,0.21940841719596874,0.0,0.0,0.0,86.2859130144314,27.085012462670225,73.63747830372476,347.26157318351585,,,0.3,synthetic_vegetative,ok,independent_synthetic_two_layer_bridge_only
2026-05-01T12:30:00Z,SYNTHETIC_TWO_LAYER_SITE,ZONE_01,B01,identification,15,10.0,0.2155237365598983,0.21896391416254873,0.0,0.0,0.0,86.2859130144314,27.040114029616674,74.30530980083401,330.9518819836854,,,0.3,synthetic_vegetative,ok,independent_synthetic_two_layer_bridge_only
2026-05-01T12:45:00Z,SYNTHETIC_TWO_LAYER_SITE,ZONE_01,B01,identification,15,10.0,0.21410970757997064,0.2182050234254195,0.0,0.0,0.0,86.2859130144314,26.965496962822613,74.95701103732652,315.7036738700905,,,0.3,synthetic_vegetative,ok,independent_synthetic_two_layer_bridge_only
2026-05-01T13:00:00Z,SYNTHETIC_TWO_LAYER_SITE,ZONE_01,B01,identification,15,10.0,0.21536512208568362,0.21894085954893494,0.0,0.0,0.0,86.2859130144314,26.861480784023477,75.5934433554529,302.0814327465963,,,0.3,synthetic_vegetative,ok,independent_synthetic_two_layer_bridge_only
2026-05-01T13:15:00Z,SYNTHETIC_TWO_LAYER_SITE,ZONE_01,B01,identification,15,10.0,0.21343429650901113,0.21796397123632308,0.0,0.0,0.0,86.2859130144314,26.728510906465743,76.21548900002217,290.45131646259506,,,0.3,synthetic_vegetative,ok,independent_synthetic_two_layer_bridge_only
2026-05-01T13:30:00Z,SYNTHETIC_TWO_LAYER_SITE,ZONE_01,B01,identification,15,10.0,0.21442668910655802,0.21748052209732682,0.0,0.0,0.0,86.2859130144314,26.56715672757901,76.8240219441135,280.9607631639657,,,0.3,synthetic_vegetative,ok,independent_synthetic_two_layer_bridge_only
2026-05-01T13:45:00Z,SYNTHETIC_TWO_LAYER_SITE,ZONE_01,B01,identification,15,10.0,0.2135339369874757,0.2167641216541884,0.0,0.0,0.0,86.2859130144314,26.37810919072882,77.41987809047008,273.53359252254097,,,0.3,synthetic_vegetative,ok,independent_synthetic_two_layer_bridge_only
2026-05-01T14:00:00Z,SYNTHETIC_TWO_LAYER_SITE,ZONE_01,B01,identification,15,10.0,0.21300242907970313,0.21701617297007225,0.0,0.0,0.0,86.2859130144314,26.162177826491074,78.00382456824167,267.8808768337392,,,0.3,synthetic_vegetative,ok,independent_synthetic_two_layer_bridge_only
2026-05-01T14:15:00Z,SYNTHETIC_TWO_LAYER_SITE,ZONE_01,B01,identification,15,10.0,0.2136867310105692,0.21698100225426664,0.0,0.0,0.0,86.2859130144314,25.92028728611782,78.57652788305609,263.52674053619523,,,0.3,synthetic_vegetative,ok,independent_synthetic_two_layer_bridge_only
2026-05-01T14:30:00Z,SYNTHETIC_TWO_LAYER_SITE,ZONE_01,B01,identification,15,10.0,0.2136478820205971,0.21611461438962734,0.0,0.0,0.0,86.2859130144314,25.653473382038648,79.13852073505059,259.847191458839,,,0.3,synthetic_vegetative,ok,independent_synthetic_two_layer_bridge_only
2026-05-01T14:45:00Z,SYNTHETIC_TWO_LAYER_SITE,ZONE_01,B01,identification,15,10.0,0.21264147707651684,0.21567591894224925,0.0,0.0,0.0,86.2859130144314,25.362878652352844,79.6901673961482,256.1191682078969,,,0.3,synthetic_vegetative,ok,independent_synthetic_two_layer_bridge_only
2026-05-01T15:00:00Z,SYNTHETIC_TWO_LAYER_SITE,ZONE_01,B01,identification,15,10.0,0.21288070189503314,0.2154842384465386,0.0,0.0,0.0,86.2859130144314,25.049747468305835,80.23162763620732,251.5762709776285,,,0.3,synthetic_vegetative,ok,independent_synthetic_two_layer_bridge_only
2026-05-01T15:15:00Z,SYNTHETIC_TWO_LAYER_SITE,ZONE_01,B01,identification,15,10.0,0.21281665339568479,0.21523031825922861,0.0,0.0,0.0,86.2859130144314,24.715420705700485,80.7628193091875,245.46717868453865,,,0.3,synthetic_vegetative,ok,independent_synthetic_two_layer_bridge_only
2026-05-01T15:30:00Z,SYNTHETIC_TWO_LAYER_SITE,ZONE_01,B01,identification,15,10.0,0.2126996263814266,0.21579310236910068,0.0,0.0,0.0,86.2859130144314,24.36133000306105,81.2833798562005,237.1125765988967,,,0.3,synthetic_vegetative,ok,independent_synthetic_two_layer_bridge_only
2026-05-01T15:45:00Z,SYNTHETIC_TWO_LAYER_SITE,ZONE_01,B01,identification,15,10.0,0.21163209378610603,0.21546177764242488,0.0,0.0,0.0,86.2859130144314,23.988991631137218,81.79262715252864,225.95653807952468,,,0.3,synthetic_vegetative,ok,independent_synthetic_two_layer_bridge_only
2026-05-01T16:00:00Z,SYNTHETIC_TWO_LAYER_SITE,ZONE_01,B01,identification,15,10.0,0.2113110213606981,0.215084752161375,0.0,0.0,0.0,86.2859130144314,23.6,82.28952031955482,211.60871280609433,,,0.3,synthetic_vegetative,ok,independent_synthetic_two_layer_bridge_only
2026-05-01T16:15:00Z,SYNTHETIC_TWO_LAYER_SITE,ZONE_01,B01,identification,15,10.0,0.21146460295213348,0.21582495003365804,0.0,0.0,0.0,86.2859130144314,23.196020831533012,82.77262133771318,193.874342578142,,,0.3,synthetic_vegetative,ok,independent_synthetic_two_layer_bridge_only
2026-05-01T16:30:00Z,SYNTHETIC_TWO_LAYER_SITE,ZONE_01,B01,identification,15,10.0,0.21080774768833363,0.21415734427577937,0.0,0.0,0.0,86.2859130144314,22.77878402655563,83.24005852877015,172.77000628546313,,,0.3,synthetic_vegetative,ok,independent_synthetic_two_layer_bridge_only
2026-05-01T16:45:00Z,SYNTHETIC_TWO_LAYER_SITE,ZONE_01,B01,identification,15,10.0,0.2113887092829207,0.21495036275991486,0.0,0.0,0.0,86.2859130144314,22.350076257122133,83.68949321839729,148.5240249045078,,,0.3,synthetic_vegetative,ok,independent_synthetic_two_layer_bridge_only
2026-05-01T17:00:00Z,SYNTHETIC_TWO_LAYER_SITE,ZONE_01,B01,identification,15,10.0,0.21101134019067652,0.2144837677301744,0.0,0.0,0.0,86.2859130144314,21.911733315717647,84.11809113384226,121.56156159086315,,,0.3,synthetic_vegetative,ok,independent_synthetic_two_layer_bridge_only
2026-05-01T17:15:00Z,SYNTHETIC_TWO_LAYER_SITE,ZONE_01,B01,identification,15,10.0,0.21184443313434925,0.21496255290055832,0.0,0.0,0.0,86.2859130144314,21.465632254112897,84.52250032436869,92.47555204128254,,,0.3,synthetic_vegetative,ok,independent_synthetic_two_layer_bridge_only
2026-05-01T17:30:00Z,SYNTHETIC_TWO_LAYER_SITE,ZONE_01,B01,identification,15,10.0,0.21034867405601979,0.21454573003213354,0.0,0.0,0.0,86.2859130144314,21.013683345540365,84.89883759882387,61.985617538113985,,,0.3,synthetic_vegetative,ok,independent_synthetic_two_layer_bridge_only
2026-05-01T17:45:00Z,SYNTHETIC_TWO_LAYER_SITE,ZONE_01,B01,identification,15,10.0,0.21129144508925202,0.2143793698749494,0.0,0.0,0.0,86.2859130144314,20.557821904611004,85.24268563713852,30.887974668941553,,,0.3,synthetic_vegetative,ok,independent_synthetic_two_layer_bridge_only
2026-05-01T18:00:00Z,SYNTHETIC_TWO_LAYER_SITE,ZONE_01,B01,identification,15,10.0,0.21186265256084183,0.21429269702365572,0.0,0.0,0.0,86.2859130144314,20.1,85.54910303023544,5.710066187255648e-14,,,0.3,synthetic_vegetative,ok,independent_synthetic_two_layer_bridge_only
2026-05-01T18:15:00Z,SYNTHETIC_TWO_LAYER_SITE,ZONE_01,B01,identification,15,10.0,0.212042941096936,0.21386428178716307,0.0,0.0,0.0,86.2859130144314,20.1,85.51452249411882,0.0,,,0.3,synthetic_vegetative,ok,independent_synthetic_two_layer_bridge_only
2026-05-01T18:30:00Z,SYNTHETIC_TWO_LAYER_SITE,ZONE_01,B01,identification,15,10.0,0.2120700766009827,0.2128606675043497,0.0,0.0,0.0,86.2859130144314,20.1,85.41092896493349,0.0,,,0.3,synthetic_vegetative,ok,independent_synthetic_two_layer_bridge_only
2026-05-01T18:45:00Z,SYNTHETIC_TWO_LAYER_SITE,ZONE_01,B01,identification,15,10.0,0.21171657991587853,0.2143745724716201,0.0,0.0,0.0,86.2859130144314,20.1,85.23876604607538,0.0,,,0.3,synthetic_vegetative,ok,independent_synthetic_two_layer_bridge_only
2026-05-01T19:00:00Z,SYNTHETIC_TWO_LAYER_SITE,ZONE_01,B01,identification,15,10.0,0.21255723696800558,0.21461462653441796,0.0,0.0,0.0,86.2859130144314,20.1,84.99877096559403,0.0,,,0.3,synthetic_vegetative,ok,independent_synthetic_two_layer_bridge_only
2026-05-01T19:15:00Z,SYNTHETIC_TWO_LAYER_SITE,ZONE_01,B01,identification,15,10.0,0.2117695310204266,0.2132875988471848,0.0,0.0,0.0,86.2859130144314,20.1,84.6919714192687,0.0,,,0.3,synthetic_vegetative,ok,independent_synthetic_two_layer_bridge_only
2026-05-01T19:30:00Z,SYNTHETIC_TWO_LAYER_SITE,ZONE_01,B01,identification,15,10.0,0.21281187419007386,0.2133622962329413,0.0,0.0,0.0,86.2859130144314,20.1,84.31968116985753,0.0,,,0.3,synthetic_vegetative,ok,independent_synthetic_two_layer_bridge_only
2026-05-01T19:45:00Z,SYNTHETIC_TWO_LAYER_SITE,ZONE_01,B01,identification,15,10.0,0.21254716421820108,0.21370369657143837,0.0,0.0,0.0,86.2859130144314,20.1,83.88349442136352,0.0,,,0.3,synthetic_vegetative,ok,independent_synthetic_two_layer_bridge_only
2026-05-01T20:00:00Z,SYNTHETIC_TWO_LAYER_SITE,ZONE_01,B01,identification,15,10.0,0.21191986258880752,0.21336850821891698,0.0,0.0,0.0,86.2859130144314,20.1,83.38527899240833,0.0,,,0.3,synthetic_vegetative,ok,independent_synthetic_two_layer_bridge_only
2026-05-01T20:15:00Z,SYNTHETIC_TWO_LAYER_SITE,ZONE_01,B01,identification,15,10.0,0.21131774229786482,0.213702207182574,0.0,0.0,0.0,86.2859130144314,20.1,82.82716831794619,0.0,,,0.3,synthetic_vegetative,ok,independent_synthetic_two_layer_bridge_only
2026-05-01T20:30:00Z,SYNTHETIC_TWO_LAYER_SITE,ZONE_01,B01,identification,15,10.0,0.21287109957616032,0.214533493360199,0.0,0.0,0.0,86.2859130144314,20.1,82.21155231356782,0.0,,,0.3,synthetic_vegetative,ok,independent_synthetic_two_layer_bridge_only
2026-05-01T20:45:00Z,SYNTHETIC_TWO_LAYER_SITE,ZONE_01,B01,identification,15,10.0,0.21162301124599742,0.21357927905441196,0.0,0.0,0.0,86.2859130144314,20.1,81.54106714151506,0.0,,,0.3,synthetic_vegetative,ok,independent_synthetic_two_layer_bridge_only
2026-05-01T21:00:00Z,SYNTHETIC_TWO_LAYER_SITE,ZONE_01,B01,identification,15,10.0,0.21211858277828285,0.21398659006495327,0.0,0.0,0.0,86.2859130144314,20.1,80.81858392222942,0.0,,,0.3,synthetic_vegetative,ok,independent_synthetic_two_layer_bridge_only
2026-05-01T21:15:00Z,SYNTHETIC_TWO_LAYER_SITE,ZONE_01,B01,identification,15,10.0,0.21162750590905305,0.21308546496890376,0.0,0.0,0.0,86.2859130144314,20.1,80.04719643977351,0.0,,,0.3,synthetic_vegetative,ok,independent_synthetic_two_layer_bridge_only
2026-05-01T21:30:00Z,SYNTHETIC_TWO_LAYER_SITE,ZONE_01,B01,identification,15,10.0,0.21144073050470685,0.21346561606610986,0.0,0.0,0.0,86.2859130144314,20.1,79.2302078937728,0.0,,,0.3,synthetic_vegetative,ok,independent_synthetic_two_layer_bridge_only
2026-05-01T21:45:00Z,SYNTHETIC_TWO_LAYER_SITE,ZONE_01,B01,identification,15,10.0,0.21060670186871436,0.21406253656528013,0.0,0.0,0.0,86.2859130144314,20.1,78.37111675460758,0.0,,,0.3,synthetic_vegetative,ok,independent_synthetic_two_layer_bridge_only
2026-05-01T22:00:00Z,SYNTHETIC_TWO_LAYER_SITE,ZONE_01,B01,identification,15,10.0,0.21195226321551508,0.2129314778985098,0.0,0.0,0.0,86.2859130144314,20.1,77.47360178242585,0.0,,,0.3,synthetic_vegetative,ok,independent_synthetic_two_layer_bridge_only
2026-05-01T22:15:00Z,SYNTHETIC_TWO_LAYER_SITE,ZONE_01,B01,identification,15,10.0,0.21144746302418477,0.21410793963610247,0.0,0.0,0.0,86.2859130144314,20.1,76.54150627412747,0.0,,,0.3,synthetic_vegetative,ok,independent_synthetic_two_layer_bridge_only
2026-05-01T22:30:00Z,SYNTHETIC_TWO_LAYER_SITE,ZONE_01,B01,identification,15,10.0,0.21131790892542854,0.21327492396460443,0.0,0.0,0.0,86.2859130144314,20.1,75.57882160577691,0.0,,,0.3,synthetic_vegetative,ok,independent_synthetic_two_layer_bridge_only
2026-05-01T22:45:00Z,SYNTHETIC_TWO_LAYER_SITE,ZONE_01,B01,identification,15,10.0,0.21219914520977642,0.21328969558502994,0.0,0.0,0.0,86.2859130144314,20.1,74.5896701409181,0.0,,,0.3,synthetic_vegetative,ok,independent_synthetic_two_layer_bridge_only
2026-05-01T23:00:00Z,SYNTHETIC_TWO_LAYER_SITE,ZONE_01,B01,identification,15,10.0,0.2114673150981292,0.21301248536808287,0.0,0.0,0.0,86.2859130144314,20.1,73.57828757798084,0.0,,,0.3,synthetic_vegetative,ok,independent_synthetic_two_layer_bridge_only
2026-05-01T23:15:00Z,SYNTHETIC_TWO_LAYER_SITE,ZONE_01,B01,identification,15,10.0,0.21192500335483627,0.21308167366676015,0.0,0.0,0.0,86.2859130144314,20.1,72.54900481236987,0.0,,,0.3,synthetic_vegetative,ok,independent_synthetic_two_layer_bridge_only
2026-05-01T23:30:00Z,SYNTHETIC_TWO_LAYER_SITE,ZONE_01,B01,identification,15,10.0,0.21189510949924242,0.2136990313498503,0.0,0.0,0.0,86.2859130144314,20.1,71.50622939090596,0.0,,,0.3,synthetic_vegetative,ok,independent_synthetic_two_layer_bridge_only
2026-05-01T23:45:00Z,SYNTHETIC_TWO_LAYER_SITE,ZONE_01,B01,identification,15,10.0,0.21121554405634124,0.2119157009807737,0.0,0.0,0.0,86.2859130144314,20.1,70.45442663803357,0.0,,,0.3,synthetic_vegetative,ok,independent_synthetic_two_layer_bridge_only
2026-05-02T00:00:00Z,SYNTHETIC_TWO_LAYER_SITE,ZONE_01,B01,identification,15,10.0,0.21080687410163643,0.21284451954997258,0.0,0.0,0.0,86.2859130144314,20.1,69.39810053461622,0.0,0.2111668551791599,0.21283446076023727,0.3,synthetic_vegetative,ok,independent_synthetic_two_layer_bridge_only
2026-05-03T00:00:00Z,SYNTHETIC_TWO_LAYER_SITE,ZONE_01,B02,identification,15,10.0,0.20508258488650846,0.1898756086059326,0.0,0.0,0.0,0.0,20.7,58.81759219268077,0.0,0.205,0.19,0.3,synthetic_vegetative,ok,independent_synthetic_two_layer_bridge_only
2026-05-03T00:15:00Z,SYNTHETIC_TWO_LAYER_SITE,ZONE_01,B02,identification,15,10.0,0.20490279723511293,0.19137867821836552,0.0,0.0,0.0,0.0,20.7,58.17081137950668,0.0,,,0.3,synthetic_vegetative,ok,independent_synthetic_two_layer_bridge_only
2026-05-03T00:30:00Z,SYNTHETIC_TWO_LAYER_SITE,ZONE_01,B02,identification,15,10.0,0.20323672691218306,0.19006011409011414,0.0,0.0,0.0,0.0,20.7,57.57687084607011,0.0,,,0.3,synthetic_vegetative,ok,independent_synthetic_two_layer_bridge_only
2026-05-03T00:45:00Z,SYNTHETIC_TWO_LAYER_SITE,ZONE_01,B02,identification,15,10.0,0.20280980891689518,0.19217905997593054,0.0,0.0,0.0,0.0,20.7,57.038313936918605,0.0,,,0.3,synthetic_vegetative,ok,independent_synthetic_two_layer_bridge_only
2026-05-03T01:00:00Z,SYNTHETIC_TWO_LAYER_SITE,ZONE_01,B02,identification,15,10.0,0.20143202307216473,0.19161491670391242,0.0,0.0,0.0,0.0,20.7,56.55744683541795,0.0,,,0.3,synthetic_vegetative,ok,independent_synthetic_two_layer_bridge_only
2026-05-03T01:15:00Z,SYNTHETIC_TWO_LAYER_SITE,ZONE_01,B02,identification,15,10.0,0.20033218523545815,0.19152075329541068,0.0,0.0,0.0,0.0,20.7,56.13632868832079,0.0,,,0.3,synthetic_vegetative,ok,independent_synthetic_two_layer_bridge_only
2026-05-03T01:30:00Z,SYNTHETIC_TWO_LAYER_SITE,ZONE_01,B02,identification,15,10.0,0.2063437738305069,0.1926589306858942,1.0,0.8633111408616677,0.5755407605744451,8.633111408616678,20.7,55.776762788184286,0.0,,,0.3,synthetic_vegetative,ok,independent_synthetic_two_layer_bridge_only
2026-05-03T01:45:00Z,SYNTHETIC_TWO_LAYER_SITE,ZONE_01,B02,identification,15,10.0,0.21209469108839848,0.19405592761370893,1.0,0.8598943287168437,0.5732628858112291,17.232054695785116,20.7,55.48028885139432,0.0,,,0.3,synthetic_vegetative,ok,independent_synthetic_two_layer_bridge_only
2026-05-03T02:00:00Z,SYNTHETIC_TWO_LAYER_SITE,ZONE_01,B02,identification,15,10.0,0.21733203372447943,0.19512666100857565,1.0,0.8552687769180758,0.5701791846120504,25.784742464965873,20.7,55.24817642486378,0.0,,,0.3,synthetic_vegetative,ok,independent_synthetic_two_layer_bridge_only
2026-05-03T02:15:00Z,SYNTHETIC_TWO_LAYER_SITE,ZONE_01,B02,identification,15,10.0,0.22269986857319132,0.1950838353808223,1.0,0.8551636500910516,0.570109100060701,34.33637896587639,20.7,55.0814194496376,0.0,,,0.3,synthetic_vegetative,ok,independent_synthetic_two_layer_bridge_only
2026-05-03T02:30:00Z,SYNTHETIC_TWO_LAYER_SITE,ZONE_01,B02,identification,15,10.0,0.2276211524160636,0.19673552169378267,1.0,0.8535207315584927,0.5690138210389951,42.87158628146132,20.7,54.980732004684704,0.0,,,0.3,synthetic_vegetative,ok,independent_synthetic_two_layer_bridge_only
2026-05-03T02:45:00Z,SYNTHETIC_TWO_LAYER_SITE,ZONE_01,B02,identification,15,10.0,0.23248614496831,0.19923742521195106,1.0,0.8610812732116014,0.5740541821410676,51.482399013577336,20.7,54.946545249102186,0.0,,,0.3,synthetic_vegetative,ok,independent_synthetic_two_layer_bridge_only
2026-05-03T03:00:00Z,SYNTHETIC_TWO_LAYER_SITE,ZONE_01,B02,identification,15,10.0,0.23670715003404344,0.20012441974192227,1.0,0.8456685623211739,0.5637790415474494,59.939084636789076,20.7,54.97900557582589,0.0,,,0.3,synthetic_vegetative,ok,independent_synthetic_two_layer_bridge_only
2026-05-03T03:15:00Z,SYNTHETIC_TWO_LAYER_SITE,ZONE_01,B02,identification,15,10.0,0.24080385003194194,0.20152327302013676,1.0,0.8552370967664568,0.5701580645109712,68.49145560445365,20.7,55.077973984753406,0.0,,,0.3,synthetic_vegetative,ok,independent_synthetic_two_layer_bridge_only
2026-05-03T03:30:00Z,SYNTHETIC_TWO_LAYER_SITE,ZONE_01,B02,identification,15,10.0,0.24541640979202856,0.20273538720571715,1.0,0.8641862039756844,0.5761241359837895,77.13331764421049,20.7,55.243026677963805,0.0,,,0.3,synthetic_vegetative,ok,independent_synthetic_two_layer_bridge_only
2026-05-03T03:45:00Z,SYNTHETIC_TWO_LAYER_SITE,ZONE_01,B02,identification,15,10.0,0.25004238129984974,0.20504188120996072,1.0,0.8392103463565883,0.5594735642377255,85.52542110777638,20.7,55.47345687448537,0.0,,,0.3,synthetic_vegetative,ok,independent_synthetic_two_layer_bridge_only
2026-05-03T04:00:00Z,SYNTHETIC_TWO_LAYER_SITE,ZONE_01,B02,identification,15,10.0,0.25291976275677486,0.20665179340444687,1.0,0.8658690493352197,0.5772460328901464,94.18411160112858,20.7,55.768277836840355,0.0,,,0.3,synthetic_vegetative,ok,independent_synthetic_two_layer_bridge_only
2026-05-03T04:15:00Z,SYNTHETIC_TWO_LAYER_SITE,ZONE_01,B02,identification,15,10.0,0.2566444674464488,0.21008703249259747,1.0,0.8488904185995947,0.5659269457330631,102.67301578712453,20.7,56.126227096406176,0.0,,,0.3,synthetic_vegetative,ok,independent_synthetic_two_layer_bridge_only
2026-05-03T04:30:00Z,SYNTHETIC_TWO_LAYER_SITE,ZONE_01,B02,identification,15,10.0,0.25355008894214115,0.21172151731479652,0.0,0.0,0.0,102.67301578712453,20.7,56.54577185950005,0.0,,,0.3,synthetic_vegetative,ok,independent_synthetic_two_layer_bridge_only
2026-05-03T04:45:00Z,SYNTHETIC_TWO_LAYER_SITE,ZONE_01,B02,identification,15,10.0,0.2504056097194182,0.21293973325216972,0.0,0.0,0.0,102.67301578712453,20.7,57.025115571036686,0.0,,,0.3,synthetic_vegetative,ok,independent_synthetic_two_layer_bridge_only
2026-05-03T05:00:00Z,SYNTHETIC_TWO_LAYER_SITE,ZONE_01,B02,identification,15,10.0,0.24916484018904803,0.21478825213861516,0.0,0.0,0.0,102.67301578712453,20.7,57.562205607653105,0.0,,,0.3,synthetic_vegetative,ok,independent_synthetic_two_layer_bridge_only
2026-05-03T05:15:00Z,SYNTHETIC_TWO_LAYER_SITE,ZONE_01,B02,identification,15,10.0,0.24689802593554813,0.2163744792448826,0.0,0.0,0.0,102.67301578712453,20.7,58.154742067356956,0.0,,,0.3,synthetic_vegetative,ok,independent_synthetic_two_layer_bridge_only
2026-05-03T05:30:00Z,SYNTHETIC_TWO_LAYER_SITE,ZONE_01,B02,identification,15,10.0,0.24463765868901657,0.21703881733102143,0.0,0.0,0.0,102.67301578712453,20.7,58.800187618059965,0.0,,,0.3,synthetic_vegetative,ok,independent_synthetic_two_layer_bridge_only
2026-05-03T05:45:00Z,SYNTHETIC_TWO_LAYER_SITE,ZONE_01,B02,identification,15,10.0,0.24193603274902556,0.21767993342968703,0.0,0.0,0.0,102.67301578712453,20.7,59.49577836282336,0.0,,,0.3,synthetic_vegetative,ok,independent_synthetic_two_layer_bridge_only
2026-05-03T06:00:00Z,SYNTHETIC_TWO_LAYER_SITE,ZONE_01,B02,identification,15,10.0,0.24165184621239222,0.2184489988568163,0.0,0.0,0.0,102.67301578712453,20.7,60.23853567528907,0.0,,,0.3,synthetic_vegetative,ok,independent_synthetic_two_layer_bridge_only
2026-05-03T06:15:00Z,SYNTHETIC_TWO_LAYER_SITE,ZONE_01,B02,identification,15,10.0,0.2399883584697589,0.21979112437499299,0.0,0.0,0.0,102.67301578712453,21.157821904611,61.455515230613635,24.866866837704915,,,0.3,synthetic_vegetative,ok,independent_synthetic_two_layer_bridge_only
2026-05-03T06:30:00Z,SYNTHETIC_TWO_LAYER_SITE,ZONE_01,B02,identification,15,10.0,0.2375670540957778,0.2202252594041466,0.0,0.0,0.0,102.67301578712453,21.61368334554036,62.6684897291683,51.88965581090337,,,0.3,synthetic_vegetative,ok,independent_synthetic_two_layer_bridge_only
2026-05-03T06:45:00Z,SYNTHETIC_TWO_LAYER_SITE,ZONE_01,B02,identification,15,10.0,0.23720028400483364,0.2210906619994631,0.0,0.0,0.0,102.67301578712453,22.0656322541129,63.871085736641994,81.16859753172244,,,0.3,synthetic_vegetative,ok,independent_synthetic_two_layer_bridge_only
2026-05-03T07:00:00Z,SYNTHETIC_TWO_LAYER_SITE,ZONE_01,B02,identification,15,10.0,0.23592590376758396,0.22147124476236243,0.0,0.0,0.0,102.67301578712453,22.511733315717645,65.05763714373552,112.58482994898489,,,0.3,synthetic_vegetative,ok,independent_synthetic_two_layer_bridge_only
2026-05-03T07:15:00Z,SYNTHETIC_TWO_LAYER_SITE,ZONE_01,B02,identification,15,10.0,0.2348668723215839,0.22153338297519054,0.0,0.0,0.0,102.67301578712453,22.95007625712213,66.22317350140156,145.7986410189977,,,0.3,synthetic_vegetative,ok,independent_synthetic_two_layer_bridge_only
2026-05-03T07:30:00Z,SYNTHETIC_TWO_LAYER_SITE,ZONE_01,B02,identification,15,10.0,0.2335811393328288,0.22164600021046144,0.0,0.0,0.0,102.67301578712453,23.37878402655563,67.36339696059545,180.26442770594147,,,0.3,synthetic_vegetative,ok,independent_synthetic_two_layer_bridge_only
2026-05-03T07:45:00Z,SYNTHETIC_TWO_LAYER_SITE,ZONE_01,B02,identification,15,10.0,0.23254829319876053,0.22289686867201347,0.0,0.0,0.0,102.67301578712453,23.79602083153301,68.47465004725748,215.26136395834203,,,0.3,synthetic_vegetative,ok,independent_synthetic_two_layer_bridge_only
2026-05-03T08:00:00Z,SYNTHETIC_TWO_LAYER_SITE,ZONE_01,B02,identification,15,10.0,0.2318328711792147,0.22213904932820536,0.0,0.0,0.0,102.67301578712453,24.2,69.55387638267904,249.93763092282109,,,0.3,synthetic_vegetative,ok,independent_synthetic_two_layer_bridge_only
2026-05-03T08:15:00Z,SYNTHETIC_TWO_LAYER_SITE,ZONE_01,B02,identification,15,10.0,0.23023517247324227,0.22298952848144774,0.0,0.0,0.0,102.67301578712453,24.588991631137215,70.59857628718999,283.3650763213488,,,0.3,synthetic_vegetative,ok,independent_synthetic_two_layer_bridge_only
2026-05-03T08:30:00Z,SYNTHETIC_TWO_LAYER_SITE,ZONE_01,B02,identification,15,10.0,0.22920417729403456,0.22306639592503308,0.0,0.0,0.0,102.67301578712453,24.961330003061043,71.60675899849672,314.60040743373156,,,0.3,synthetic_vegetative,ok,independent_synthetic_two_layer_bridge_only
2026-05-03T08:45:00Z,SYNTHETIC_TWO_LAYER_SITE,ZONE_01,B02,identification,15,10.0,0.22899806345264254,0.2235958270508266,0.0,0.0,0.0,102.67301578712453,25.31542070570048,72.57689301020018,342.74853829468105,,,0.3,synthetic_vegetative,ok,independent_synthetic_two_layer_bridge_only
2026-05-03T09:00:00Z,SYNTHETIC_TWO_LAYER_SITE,ZONE_01,B02,identification,15,10.0,0.22733396372925382,0.223001344281897,0.0,0.0,0.0,102.67301578712453,25.64974746830583,73.5078558038166,367.0235414153512,,,0.3,synthetic_vegetative,ok,independent_synthetic_two_layer_bridge_only
2026-05-03T09:15:00Z,SYNTHETIC_TWO_LAYER_SITE,ZONE_01,B02,identification,15,10.0,0.22697131195430695,0.2236705595850041,0.0,0.0,0.0,102.67301578712453,25.962878652352842,74.39888401928575,386.80281003431844,,,0.3,synthetic_vegetative,ok,independent_synthetic_two_layer_bridge_only
2026-05-03T09:30:00Z,SYNTHETIC_TWO_LAYER_SITE,ZONE_01,B02,identification,15,10.0,0.2250446646297862,0.2241937016497133,0.0,0.0,0.0,102.67301578712453,26.253473382038646,75.24952489231066,401.67050773905953,,,0.3,synthetic_vegetative,ok,independent_synthetic_two_layer_bridge_only
2026-05-03T09:45:00Z,SYNTHETIC_TWO_LAYER_SITE,ZONE_01,B02,identification,15,10.0,0.2247845691261406,0.22327713501077456,0.0,0.0,0.0,102.67301578712453,26.520287286117817,76.05958958749588,411.4471348778745,,,0.3,synthetic_vegetative,ok,independent_synthetic_two_layer_bridge_only
2026-05-03T10:00:00Z,SYNTHETIC_TWO_LAYER_SITE,ZONE_01,B02,identification,15,10.0,0.22570598557601812,0.22472509177541128,0.0,0.0,0.0,102.67301578712453,26.76217782649107,76.82910887774412,416.20302194336244,,,0.3,synthetic_vegetative,ok,independent_synthetic_two_layer_bridge_only
2026-05-03T10:15:00Z,SYNTHETIC_TWO_LAYER_SITE,ZONE_01,B02,identification,15,10.0,0.2235969344397427,0.22358554000207448,0.0,0.0,0.0,102.67301578712453,26.97810919072882,77.55829146466881,416.25469915268434,,,0.3,synthetic_vegetative,ok,independent_synthetic_two_layer_bridge_only
2026-05-03T10:30:00Z,SYNTHETIC_TWO_LAYER_SITE,ZONE_01,B02,identification,15,10.0,0.22316492136191735,0.2235718121901213,0.0,0.0,0.0,102.67301578712453,27.167156727579005,78.2474851025082,412.1443075307615,,,0.3,synthetic_vegetative,ok,independent_synthetic_two_layer_bridge_only
2026-05-03T10:45:00Z,SYNTHETIC_TWO_LAYER_SITE,ZONE_01,B02,identification,15,10.0,0.22197089815165624,0.22303169319429744,0.0,0.0,0.0,102.67301578712453,27.328510906465738,78.897140578794,404.60342313076256,,,0.3,synthetic_vegetative,ok,independent_synthetic_two_layer_bridge_only
2026-05-03T11:00:00Z,SYNTHETIC_TWO_LAYER_SITE,ZONE_01,B02,identification,15,10.0,0.22101191581032403,0.22159703191717428,0.0,0.0,0.0,102.67301578712453,27.461480784023475,79.50777851774346,394.5037764691503,,,0.3,synthetic_vegetative,ok,independent_synthetic_two_layer_bridge_only
2026-05-03T11:15:00Z,SYNTHETIC_TWO_LAYER_SITE,ZONE_01,B02,identification,15,10.0,0.22018812316523675,0.22179554294606552,0.0,0.0,0.0,102.67301578712453,27.56549696282261,80.079958905443,382.7982844888375,,,0.3,synthetic_vegetative,ok,independent_synthetic_two_layer_bridge_only
2026-05-03T11:30:00Z,SYNTHETIC_TWO_LAYER_SITE,ZONE_01,B02,identification,15,10.0,0.22033858335712608,0.22212761639984901,0.0,0.0,0.0,102.67301578712453,27.640114029616672,80.61425318757804,370.4565055515439,,,0.3,synthetic_vegetative,ok,independent_synthetic_two_layer_bridge_only
2026-05-03T11:45:00Z,SYNTHETIC_TWO_LAYER_SITE,ZONE_01,B02,identification,15,10.0,0.2200510512548754,0.22260570427875725,0.0,0.0,0.0,102.67301578712453,27.685012462670223,81.11121875885141,358.3990295136747,,,0.3,synthetic_vegetative,ok,independent_synthetic_two_layer_bridge_only
2026-05-03T12:00:00Z,SYNTHETIC_TWO_LAYER_SITE,ZONE_01,B02,identification,15,10.0,0.2201510061661496,0.22257255723566222,0.0,0.0,0.0,102.67301578712453,27.7,81.57137564649389,347.4353960745003,,,0.3,synthetic_vegetative,ok,independent_synthetic_two_layer_bridge_only
2026-05-03T12:15:00Z,SYNTHETIC_TWO_LAYER_SITE,ZONE_01,B02,identification,15,10.0,0.22044227130605806,0.2217074329758639,0.0,0.0,0.0,102.67301578712453,27.685012462670223,81.99518518671647,338.2098893766155,,,0.3,synthetic_vegetative,ok,independent_synthetic_two_layer_bridge_only
2026-05-03T12:30:00Z,SYNTHETIC_TWO_LAYER_SITE,ZONE_01,B02,identification,15,10.0,0.2195779688139697,0.22072325870429382,0.0,0.0,0.0,102.67301578712453,27.640114029616672,82.38303050109688,331.1590026481068,,,0.3,synthetic_vegetative,ok,independent_synthetic_two_layer_bridge_only
2026-05-03T12:45:00Z,SYNTHETIC_TWO_LAYER_SITE,ZONE_01,B02,identification,15,10.0,0.2189652716026837,0.22254142317435907,0.0,0.0,0.0,102.67301578712453,27.56549696282261,82.73519859847327,326.48354291331634,,,0.3,synthetic_vegetative,ok,independent_synthetic_two_layer_bridge_only
2026-05-03T13:00:00Z,SYNTHETIC_TWO_LAYER_SITE,ZONE_01,B02,identification,15,10.0,0.21948366788031023,0.2211799289915874,0.0,0.0,0.0,102.67301578712453,27.461480784023475,83.05186395590538,324.13731111013783,,,0.3,synthetic_vegetative,ok,independent_synthetic_two_layer_bridge_only
2026-05-03T13:15:00Z,SYNTHETIC_TWO_LAYER_SITE,ZONE_01,B02,identification,15,10.0,0.21762970845563104,0.22135981860771714,0.0,0.0,0.0,102.67301578712453,27.32851090646574,83.33307346884453,323.83312103089247,,,0.3,synthetic_vegetative,ok,independent_synthetic_two_layer_bridge_only
2026-05-03T13:30:00Z,SYNTHETIC_TWO_LAYER_SITE,ZONE_01,B02,identification,15,10.0,0.21857825493807786,0.221472946932579,0.0,0.0,0.0,102.67301578712453,27.16715672757901,83.57873270518095,325.06569483268004,,,0.3,synthetic_vegetative,ok,independent_synthetic_two_layer_bridge_only
2026-05-03T13:45:00Z,SYNTHETIC_TWO_LAYER_SITE,ZONE_01,B02,identification,15,10.0,0.21865031971015497,0.2214771298666535,0.0,0.0,0.0,102.67301578712453,26.97810919072882,83.78859344978747,327.14978074966274,,,0.3,synthetic_vegetative,ok,independent_synthetic_two_layer_bridge_only
2026-05-03T14:00:00Z,SYNTHETIC_TWO_LAYER_SITE,ZONE_01,B02,identification,15,10.0,0.21723667300584898,0.2207311492264027,0.0,0.0,0.0,102.67301578712453,26.762177826491072,83.96224258506608,329.2707649843157,,,0.3,synthetic_vegetative,ok,independent_synthetic_two_layer_bridge_only
2026-05-03T14:15:00Z,SYNTHETIC_TWO_LAYER_SITE,ZONE_01,B02,identification,15,10.0,0.2171473754620342,0.2200978405075094,0.0,0.0,0.0,102.67301578712453,26.520287286117817,84.09909241830346,330.5441709880539,,,0.3,synthetic_vegetative,ok,independent_synthetic_two_layer_bridge_only
2026-05-03T14:30:00Z,SYNTHETIC_TWO_LAYER_SITE,ZONE_01,B02,identification,15,10.0,0.21685864994671955,0.22137038588551441,0.0,0.0,0.0,102.67301578712453,26.253473382038646,84.19837263767549,330.0798179687421,,,0.3,synthetic_vegetative,ok,independent_synthetic_two_layer_bridge_only
2026-05-03T14:45:00Z,SYNTHETIC_TWO_LAYER_SITE,ZONE_01,B02,identification,15,10.0,0.21648510792053685,0.2196899857538854,0.0,0.0,0.0,102.67301578712453,25.962878652352842,84.25912415457503,327.0460906011347,,,0.3,synthetic_vegetative,ok,independent_synthetic_two_layer_bridge_only
2026-05-03T15:00:00Z,SYNTHETIC_TWO_LAYER_SITE,ZONE_01,B02,identification,15,10.0,0.21666923554997333,0.21981602991829546,0.0,0.0,0.0,102.67301578712453,25.649747468305833,84.28019516924539,320.72977614955715,,,0.3,synthetic_vegetative,ok,independent_synthetic_two_layer_bridge_only
2026-05-03T15:15:00Z,SYNTHETIC_TWO_LAYER_SITE,ZONE_01,B02,identification,15,10.0,0.21561770179730677,0.21935096258519904,0.0,0.0,0.0,102.67301578712453,25.315420705700483,84.26023987764522,310.5872529802367,,,0.3,synthetic_vegetative,ok,independent_synthetic_two_layer_bridge_only
2026-05-03T15:30:00Z,SYNTHETIC_TWO_LAYER_SITE,ZONE_01,B02,identification,15,10.0,0.21527823796445253,0.2191300999250248,0.0,0.0,0.0,102.67301578712453,24.961330003061047,84.1977203175608,296.28344208566625,,,0.3,synthetic_vegetative,ok,independent_synthetic_two_layer_bridge_only
2026-05-03T15:45:00Z,SYNTHETIC_TWO_LAYER_SITE,ZONE_01,B02,identification,15,10.0,0.2155423977731946,0.21910775763748033,0.0,0.0,0.0,102.67301578712453,24.588991631137215,84.09091192796792,277.7158157043183,,,0.3,synthetic_vegetative,ok,independent_synthetic_two_layer_bridge_only
2026-05-03T16:00:00Z,SYNTHETIC_TWO_LAYER_SITE,ZONE_01,B02,identification,15,10.0,0.21470806592299294,0.21933833178161272,0.0,0.0,0.0,102.67301578712453,24.2,83.9379134634108,255.02183115644962,,,0.3,synthetic_vegetative,ok,independent_synthetic_two_layer_bridge_only
2026-05-03T16:15:00Z,SYNTHETIC_TWO_LAYER_SITE,ZONE_01,B02,identification,15,10.0,0.2147216679216886,0.21724650137807677,0.0,0.0,0.0,102.67301578712453,23.79602083153301,83.73666195967327,228.56934673539595,,,0.3,synthetic_vegetative,ok,independent_synthetic_two_layer_bridge_only
2026-05-03T16:30:00Z,SYNTHETIC_TWO_LAYER_SITE,ZONE_01,B02,identification,15,10.0,0.21405128884181024,0.21832057019091114,0.0,0.0,0.0,102.67301578712453,23.37878402655563,83.48495348230355,198.93079484066982,,,0.3,synthetic_vegetative,ok,independent_synthetic_two_layer_bridge_only
2026-05-03T16:45:00Z,SYNTHETIC_TWO_LAYER_SITE,ZONE_01,B02,identification,15,10.0,0.21486496351717757,0.2174738059124068,0.0,0.0,0.0,102.67301578712453,22.95007625712213,83.18047039879643,166.84304838408724,,,0.3,synthetic_vegetative,ok,independent_synthetic_two_layer_bridge_only
2026-05-03T17:00:00Z,SYNTHETIC_TWO_LAYER_SITE,ZONE_01,B02,identification,15,10.0,0.2138358900691887,0.21756367710468258,0.0,0.0,0.0,102.67301578712453,22.511733315717645,82.82081589093751,133.15593686339014,,,0.3,synthetic_vegetative,ok,independent_synthetic_two_layer_bridge_only
2026-05-03T17:15:00Z,SYNTHETIC_TWO_LAYER_SITE,ZONE_01,B02,identification,15,10.0,0.21497497067676416,0.2179199087806752,0.0,0.0,0.0,102.67301578712453,22.065632254112895,82.40355635807674,98.77317548121573,,,0.3,synthetic_vegetative,ok,independent_synthetic_two_layer_bridge_only
2026-05-03T17:30:00Z,SYNTHETIC_TWO_LAYER_SITE,ZONE_01,B02,identification,15,10.0,0.2147169902313682,0.21689303054601963,0.0,0.0,0.0,102.67301578712453,21.613683345540363,81.92627224706861,64.59000668315188,,,0.3,synthetic_vegetative,ok,independent_synthetic_two_layer_bridge_only
2026-05-03T17:45:00Z,SYNTHETIC_TWO_LAYER_SITE,ZONE_01,B02,identification,15,10.0,0.21440216582162921,0.2163458634078075,0.0,0.0,0.0,102.67301578712453,21.157821904611,81.38661767305418,31.432080296010998,,,0.3,synthetic_vegetative,ok,independent_synthetic_two_layer_bridge_only
2026-05-03T18:00:00Z,SYNTHETIC_TWO_LAYER_SITE,ZONE_01,B02,identification,15,10.0,0.2138638726535443,0.21682480494534656,0.0,0.0,0.0,102.67301578712453,20.7,80.78238896126916,5.683805085615928e-14,,,0.3,synthetic_vegetative,ok,independent_synthetic_two_layer_bridge_only
2026-05-03T18:15:00Z,SYNTHETIC_TWO_LAYER_SITE,ZONE_01,B02,identification,15,10.0,0.21436138081616024,0.21693131992665451,0.0,0.0,0.0,102.67301578712453,20.7,79.9956456819433,0.0,,,0.3,synthetic_vegetative,ok,independent_synthetic_two_layer_bridge_only
2026-05-03T18:30:00Z,SYNTHETIC_TWO_LAYER_SITE,ZONE_01,B02,identification,15,10.0,0.2138934468964672,0.21685147394908916,0.0,0.0,0.0,102.67301578712453,20.7,79.1682853912624,0.0,,,0.3,synthetic_vegetative,ok,independent_synthetic_two_layer_bridge_only
2026-05-03T18:45:00Z,SYNTHETIC_TWO_LAYER_SITE,ZONE_01,B02,identification,15,10.0,0.21436818592269533,0.2169379752721029,0.0,0.0,0.0,102.67301578712453,20.7,78.30385097300979,0.0,,,0.3,synthetic_vegetative,ok,independent_synthetic_two_layer_bridge_only
2026-05-03T19:00:00Z,SYNTHETIC_TWO_LAYER_SITE,ZONE_01,B02,identification,15,10.0,0.21371515403221225,0.2179732034643567,0.0,0.0,0.0,102.67301578712453,20.7,77.40604406807483,0.0,,,0.3,synthetic_vegetative,ok,independent_synthetic_two_layer_bridge_only
2026-05-03T19:15:00Z,SYNTHETIC_TWO_LAYER_SITE,ZONE_01,B02,identification,15,10.0,0.213716702955224,0.21663005083668646,0.0,0.0,0.0,102.67301578712453,20.7,76.47870922345827,0.0,,,0.3,synthetic_vegetative,ok,independent_synthetic_two_layer_bridge_only
2026-05-03T19:30:00Z,SYNTHETIC_TWO_LAYER_SITE,ZONE_01,B02,identification,15,10.0,0.21431156078840904,0.21567845368425026,0.0,0.0,0.0,102.67301578712453,20.7,75.52581742933181,0.0,,,0.3,synthetic_vegetative,ok,independent_synthetic_two_layer_bridge_only
2026-05-03T19:45:00Z,SYNTHETIC_TWO_LAYER_SITE,ZONE_01,B02,identification,15,10.0,0.21307310045418185,0.2167622994459761,0.0,0.0,0.0,102.67301578712453,20.7,74.55144911464848,0.0,,,0.3,synthetic_vegetative,ok,independent_synthetic_two_layer_bridge_only
2026-05-03T20:00:00Z,SYNTHETIC_TWO_LAYER_SITE,ZONE_01,B02,identification,15,10.0,0.2140131841690468,0.21568020929582768,0.0,0.0,0.0,102.67301578712453,20.7,73.55977667411952,0.0,,,0.3,synthetic_vegetative,ok,independent_synthetic_two_layer_bridge_only
2026-05-03T20:15:00Z,SYNTHETIC_TWO_LAYER_SITE,ZONE_01,B02,identification,15,10.0,0.21384298763535894,0.215996602934608,0.0,0.0,0.0,102.67301578712453,20.7,72.55504660137963,0.0,,,0.3,synthetic_vegetative,ok,independent_synthetic_two_layer_bridge_only
2026-05-03T20:30:00Z,SYNTHETIC_TWO_LAYER_SITE,ZONE_01,B02,identification,15,10.0,0.2146869188876501,0.21518102440654843,0.0,0.0,0.0,102.67301578712453,20.7,71.54156130484918,0.0,,,0.3,synthetic_vegetative,ok,independent_synthetic_two_layer_bridge_only
2026-05-03T20:45:00Z,SYNTHETIC_TWO_LAYER_SITE,ZONE_01,B02,identification,15,10.0,0.21409112203024466,0.2159114133648131,0.0,0.0,0.0,102.67301578712453,20.7,70.52366068416104,0.0,,,0.3,synthetic_vegetative,ok,independent_synthetic_two_layer_bridge_only
2026-05-03T21:00:00Z,SYNTHETIC_TWO_LAYER_SITE,ZONE_01,B02,identification,15,10.0,0.2136676033461844,0.21684442274758567,0.0,0.0,0.0,102.67301578712453,20.7,69.50570354604396,0.0,,,0.3,synthetic_vegetative,ok,independent_synthetic_two_layer_bridge_only
2026-05-03T21:15:00Z,SYNTHETIC_TWO_LAYER_SITE,ZONE_01,B02,identification,15,10.0,0.21405001334876417,0.2163382045948959,0.0,0.0,0.0,102.67301578712453,20.7,68.49204893924295,0.0,,,0.3,synthetic_vegetative,ok,independent_synthetic_two_layer_bridge_only
2026-05-03T21:30:00Z,SYNTHETIC_TWO_LAYER_SITE,ZONE_01,B02,identification,15,10.0,0.21479228446424103,0.2156175647459012,0.0,0.0,0.0,102.67301578712453,20.7,67.48703748840346,0.0,,,0.3,synthetic_vegetative,ok,independent_synthetic_two_layer_bridge_only
2026-05-03T21:45:00Z,SYNTHETIC_TWO_LAYER_SITE,ZONE_01,B02,identification,15,10.0,0.21422496413640288,0.21587074893760963,0.0,0.0,0.0,102.67301578712453,20.7,66.4949728068501,0.0,,,0.3,synthetic_vegetative,ok,independent_synthetic_two_layer_bridge_only
2026-05-03T22:00:00Z,SYNTHETIC_TWO_LAYER_SITE,ZONE_01,B02,identification,15,10.0,0.2145844737807303,0.215629273377063,0.0,0.0,0.0,102.67301578712453,20.7,65.52010306785384,0.0,,,0.3,synthetic_vegetative,ok,independent_synthetic_two_layer_bridge_only
2026-05-03T22:15:00Z,SYNTHETIC_TWO_LAYER_SITE,ZONE_01,B02,identification,15,10.0,0.2130767307409766,0.21553560634741478,0.0,0.0,0.0,102.67301578712453,20.7,64.56660281330178,0.0,,,0.3,synthetic_vegetative,ok,independent_synthetic_two_layer_bridge_only
2026-05-03T22:30:00Z,SYNTHETIC_TWO_LAYER_SITE,ZONE_01,B02,identification,15,10.0,0.21408819291859127,0.21583040784433674,0.0,0.0,0.0,102.67301578712453,20.7,63.63855507766796,0.0,,,0.3,synthetic_vegetative,ok,independent_synthetic_two_layer_bridge_only
2026-05-03T22:45:00Z,SYNTHETIC_TWO_LAYER_SITE,ZONE_01,B02,identification,15,10.0,0.21325231589999666,0.2143834823695337,0.0,0.0,0.0,102.67301578712453,20.7,62.73993390383284,0.0,,,0.3,synthetic_vegetative,ok,independent_synthetic_two_layer_bridge_only
2026-05-03T23:00:00Z,SYNTHETIC_TWO_LAYER_SITE,ZONE_01,B02,identification,15,10.0,0.21281809462548187,0.21484131030590456,0.0,0.0,0.0,102.67301578712453,20.7,61.87458732562161,0.0,,,0.3,synthetic_vegetative,ok,independent_synthetic_two_layer_bridge_only
2026-05-03T23:15:00Z,SYNTHETIC_TWO_LAYER_SITE,ZONE_01,B02,identification,15,10.0,0.21227409338663977,0.21433102502470827,0.0,0.0,0.0,102.67301578712453,20.7,61.04622088993257,0.0,,,0.3,synthetic_vegetative,ok,independent_synthetic_two_layer_bridge_only
2026-05-03T23:30:00Z,SYNTHETIC_TWO_LAYER_SITE,ZONE_01,B02,identification,15,10.0,0.2124530791570596,0.21502607676085297,0.0,0.0,0.0,102.67301578712453,20.7,60.25838178901648,0.0,,,0.3,synthetic_vegetative,ok,independent_synthetic_two_layer_bridge_only
2026-05-03T23:45:00Z,SYNTHETIC_TWO_LAYER_SITE,ZONE_01,B02,identification,15,10.0,0.21242927288375155,0.21412492574679565,0.0,0.0,0.0,102.67301578712453,20.7,59.514443670854746,0.0,,,0.3,synthetic_vegetative,ok,independent_synthetic_two_layer_bridge_only
2026-05-04T00:00:00Z,SYNTHETIC_TWO_LAYER_SITE,ZONE_01,B02,identification,15,10.0,0.21231063172831102,0.21382685806934465,0.0,0.0,0.0,102.67301578712453,20.7,58.81759219268077,0.0,0.2124566777910724,0.21415288139997912,0.3,synthetic_vegetative,ok,independent_synthetic_two_layer_bridge_only
2026-05-05T00:00:00Z,SYNTHETIC_TWO_LAYER_SITE,ZONE_01,B03,identification,15,10.0,0.2149413400543098,0.21420139734120647,0.0,0.0,0.0,0.0,21.3,56.701781494469294,0.0,0.215,0.215,0.3,synthetic_vegetative,ok,independent_synthetic_two_layer_bridge_only
2026-05-05T00:15:00Z,SYNTHETIC_TWO_LAYER_SITE,ZONE_01,B03,identification,15,10.0,0.2157149745113433,0.2148730626269955,0.0,0.0,0.0,0.0,21.3,56.860040466583705,0.0,,,0.3,synthetic_vegetative,ok,independent_synthetic_two_layer_bridge_only
2026-05-05T00:30:00Z,SYNTHETIC_TWO_LAYER_SITE,ZONE_01,B03,identification,15,10.0,0.21489767399474072,0.21525023063477378,0.0,0.0,0.0,0.0,21.3,57.08132189129249,0.0,,,0.3,synthetic_vegetative,ok,independent_synthetic_two_layer_bridge_only
2026-05-05T00:45:00Z,SYNTHETIC_TWO_LAYER_SITE,ZONE_01,B03,identification,15,10.0,0.21517081443801125,0.21394608407635787,0.0,0.0,0.0,0.0,21.3,57.36467820756332,0.0,,,0.3,synthetic_vegetative,ok,independent_synthetic_two_layer_bridge_only
2026-05-05T01:00:00Z,SYNTHETIC_TWO_LAYER_SITE,ZONE_01,B03,identification,15,10.0,0.21481092931526918,0.2153951828482753,0.0,0.0,0.0,0.0,21.3,57.70889604014826,0.0,,,0.3,synthetic_vegetative,ok,independent_synthetic_two_layer_bridge_only
2026-05-05T01:15:00Z,SYNTHETIC_TWO_LAYER_SITE,ZONE_01,B03,identification,15,10.0,0.21407456883554302,0.2144933225491783,0.0,0.0,0.0,0.0,21.3,58.112501395442905,0.0,,,0.3,synthetic_vegetative,ok,independent_synthetic_two_layer_bridge_only
2026-05-05T01:30:00Z,SYNTHETIC_TWO_LAYER_SITE,ZONE_01,B03,identification,15,10.0,0.21486765216446338,0.2149901953515245,0.0,0.0,0.0,0.0,21.3,58.57376597335323,0.0,,,0.3,synthetic_vegetative,ok,independent_synthetic_two_layer_bridge_only
2026-05-05T01:45:00Z,SYNTHETIC_TWO_LAYER_SITE,ZONE_01,B03,identification,15,10.0,0.21349892647581928,0.21408059856346506,0.0,0.0,0.0,0.0,21.3,59.09071456814205,0.0,,,0.3,synthetic_vegetative,ok,independent_synthetic_two_layer_bridge_only
2026-05-05T02:00:00Z,SYNTHETIC_TWO_LAYER_SITE,ZONE_01,B03,identification,15,10.0,0.2142429813544584,0.21473200692194483,0.0,0.0,0.0,0.0,21.3,59.66113352656303,0.0,,,0.3,synthetic_vegetative,ok,independent_synthetic_two_layer_bridge_only
2026-05-05T02:15:00Z,SYNTHETIC_TWO_LAYER_SITE,ZONE_01,B03,identification,15,10.0,0.2149997628022315,0.21436169018579188,0.0,0.0,0.0,0.0,21.3,60.282580227063946,0.0,,,0.3,synthetic_vegetative,ok,independent_synthetic_two_layer_bridge_only
2026-05-05T02:30:00Z,SYNTHETIC_TWO_LAYER_SITE,ZONE_01,B03,identification,15,10.0,0.21926029346181475,0.21424082318739585,1.0,0.8711309478851341,0.580753965256756,8.71130947885134,21.3,60.952393539466975,0.0,,,0.3,synthetic_vegetative,ok,independent_synthetic_two_layer_bridge_only
2026-05-05T02:45:00Z,SYNTHETIC_TWO_LAYER_SITE,ZONE_01,B03,identification,15,10.0,0.22651832681420492,0.2151152697436642,1.0,0.8631694728769781,0.5754463152513186,17.34300420762112,21.3,61.66770522033684,0.0,,,0.3,synthetic_vegetative,ok,independent_synthetic_two_layer_bridge_only
2026-05-05T03:00:00Z,SYNTHETIC_TWO_LAYER_SITE,ZONE_01,B03,identification,15,10.0,0.2323835566359368,0.21536755301079805,1.0,0.8709832573468974,0.5806555048979316,26.052836781090093,21.3,62.42545219523941,0.0,,,0.3,synthetic_vegetative,ok,independent_synthetic_two_layer_bridge_only
2026-05-05T03:15:00Z,SYNTHETIC_TWO_LAYER_SITE,ZONE_01,B03,identification,15,10.0,0.23659325881535373,0.21574595686510606,1.0,0.8507979625526143,0.567198641701743,34.56081640661624,21.3,63.222389675296675,0.0,,,0.3,synthetic_vegetative,ok,independent_synthetic_two_layer_bridge_only
2026-05-05T03:30:00Z,SYNTHETIC_TWO_LAYER_SITE,ZONE_01,B03,identification,15,10.0,0.24281444405747202,0.21868119147685652,1.0,0.8632861790370376,0.5755241193580252,43.19367819698662,21.3,64.055105051871,0.0,,,0.3,synthetic_vegetative,ok,independent_synthetic_two_layer_bridge_only
2026-05-05T03:45:00Z,SYNTHETIC_TWO_LAYER_SITE,ZONE_01,B03,identification,15,10.0,0.24656638254529203,0.21829361334021732,1.0,0.8562007532863662,0.5708005021909108,51.75568572985028,21.3,64.92003250987908,0.0,,,0.3,synthetic_vegetative,ok,independent_synthetic_two_layer_bridge_only
2026-05-05T04:00:00Z,SYNTHETIC_TWO_LAYER_SITE,ZONE_01,B03,identification,15,10.0,0.25278168127556605,0.22094948251688937,1.0,0.8580970674175611,0.5720647116117074,60.33665640402589,21.3,65.81346829715967,0.0,,,0.3,synthetic_vegetative,ok,independent_synthetic_two_layer_bridge_only
2026-05-05T04:15:00Z,SYNTHETIC_TWO_LAYER_SITE,ZONE_01,B03,identification,15,10.0,0.2576830226011629,0.22133268146686894,1.0,0.8600425275552839,0.5733616850368559,68.93708167957872,21.3,66.73158658450888,0.0,,,0.3,synthetic_vegetative,ok,independent_synthetic_two_layer_bridge_only
2026-05-05T04:30:00Z,SYNTHETIC_TWO_LAYER_SITE,ZONE_01,B03,identification,15,10.0,0.26163288961371683,0.22294425498811227,1.0,0.8538205200344061,0.5692136800229374,77.47528687992279,21.3,67.67045584846815,0.0,,,0.3,synthetic_vegetative,ok,independent_synthetic_two_layer_bridge_only
2026-05-05T04:45:00Z,SYNTHETIC_TWO_LAYER_SITE,ZONE_01,B03,identification,15,10.0,0.26586777204814277,0.225468427202819,1.0,0.8541948981978353,0.5694632654652236,86.01723586190114,21.3,68.62605570671143,0.0,,,0.3,synthetic_vegetative,ok,independent_synthetic_two_layer_bridge_only
2026-05-05T05:00:00Z,SYNTHETIC_TWO_LAYER_SITE,ZONE_01,B03,identification,15,10.0,0.27113180292053324,0.2281358240912156,1.0,0.859810453704766,0.5732069691365107,94.6153403989488,21.3,69.59429413393933,0.0,,,0.3,synthetic_vegetative,ok,independent_synthetic_two_layer_bridge_only
2026-05-05T05:15:00Z,SYNTHETIC_TWO_LAYER_SITE,ZONE_01,B03,identification,15,10.0,0.2749667320022937,0.23039141799403529,1.0,0.8650651144114362,0.5767100762742907,103.26599154306317,21.3,70.5710249845598,0.0,,,0.3,synthetic_vegetative,ok,independent_synthetic_two_layer_bridge_only
2026-05-05T05:30:00Z,SYNTHETIC_TWO_LAYER_SITE,ZONE_01,B03,identification,15,10.0,0.27835248373230215,0.23295885028507257,1.0,0.8634765353973597,0.5756510235982398,111.90075689703676,21.3,71.55206574712003,0.0,,,0.3,synthetic_vegetative,ok,independent_synthetic_two_layer_bridge_only
2026-05-05T05:45:00Z,SYNTHETIC_TWO_LAYER_SITE,ZONE_01,B03,identification,15,10.0,0.2818997123371294,0.23434843271115277,1.0,0.8792068293961555,0.5861378862641036,120.6928251909983,21.3,72.53321545446263,0.0,,,0.3,synthetic_vegetative,ok,independent_synthetic_two_layer_bridge_only
2026-05-05T06:00:00Z,SYNTHETIC_TWO_LAYER_SITE,ZONE_01,B03,identification,15,10.0,0.27885955068700113,0.23640477395430615,0.0,0.0,0.0,120.6928251909983,21.3,73.51027267291195,0.0,,,0.3,synthetic_vegetative,ok,independent_synthetic_two_layer_bridge_only
2026-05-05T06:15:00Z,SYNTHETIC_TWO_LAYER_SITE,ZONE_01,B03,identification,15,10.0,0.2766004061096846,0.23684798255021852,0.0,0.0,0.0,120.6928251909983,21.757821904611003,74.55626195624548,31.517594781185963,,,0.3,synthetic_vegetative,ok,independent_synthetic_two_layer_bridge_only
2026-05-05T06:30:00Z,SYNTHETIC_TWO_LAYER_SITE,ZONE_01,B03,identification,15,10.0,0.27481503186817813,0.2392650288124893,0.0,0.0,0.0,120.6928251909983,22.21368334554036,75.55021320644902,65.47761903941726,,,0.3,synthetic_vegetative,ok,independent_synthetic_two_layer_bridge_only
2026-05-05T06:45:00Z,SYNTHETIC_TWO_LAYER_SITE,ZONE_01,B03,identification,15,10.0,0.2718306165829461,0.24044240914915938,0.0,0.0,0.0,120.6928251909983,22.6656322541129,76.49080543190891,101.41183318985648,,,0.3,synthetic_vegetative,ok,independent_synthetic_two_layer_bridge_only
2026-05-05T07:00:00Z,SYNTHETIC_TWO_LAYER_SITE,ZONE_01,B03,identification,15,10.0,0.26927357305145566,0.2408118451333977,0.0,0.0,0.0,120.6928251909983,23.111733315717647,77.37722537721461,138.64479684223576,,,0.3,synthetic_vegetative,ok,independent_synthetic_two_layer_bridge_only
2026-05-05T07:15:00Z,SYNTHETIC_TWO_LAYER_SITE,ZONE_01,B03,identification,15,10.0,0.26748089423532506,0.24372939907975041,0.0,0.0,0.0,120.6928251909983,23.550076257122132,78.20910156009823,176.33573424966778,,,0.3,synthetic_vegetative,ok,independent_synthetic_two_layer_bridge_only
2026-05-05T07:30:00Z,SYNTHETIC_TWO_LAYER_SITE,ZONE_01,B03,identification,15,10.0,0.2642324511320983,0.24351237230699305,0.0,0.0,0.0,120.6928251909983,23.97878402655563,78.98643950026127,213.5332015863395,,,0.3,synthetic_vegetative,ok,independent_synthetic_two_layer_bridge_only
2026-05-05T07:45:00Z,SYNTHETIC_TWO_LAYER_SITE,ZONE_01,B03,identification,15,10.0,0.2645775090341417,0.24416326478059863,0.0,0.0,0.0,120.6928251909983,24.39602083153301,79.70955936149488,249.23862777339028,,,0.3,synthetic_vegetative,ok,independent_synthetic_two_layer_bridge_only
2026-05-05T08:00:00Z,SYNTHETIC_TWO_LAYER_SITE,ZONE_01,B03,identification,15,10.0,0.26334289850976883,0.24539300766811123,0.0,0.0,0.0,120.6928251909983,24.8,80.37903694107366,282.47415042550443,,,0.3,synthetic_vegetative,ok,independent_synthetic_two_layer_bridge_only
2026-05-05T08:15:00Z,SYNTHETIC_TWO_LAYER_SITE,ZONE_01,B03,identification,15,10.0,0.2609734649659661,0.24560566818541288,0.0,0.0,0.0,120.6928251909983,25.188991631137217,80.99564867740028,312.349846767543,,,0.3,synthetic_vegetative,ok,independent_synthetic_two_layer_bridge_only
2026-05-05T08:30:00Z,SYNTHETIC_TWO_LAYER_SITE,ZONE_01,B03,identification,15,10.0,0.25917017438447415,0.24541907387080414,0.0,0.0,0.0,120.6928251909983,25.561330003061045,81.56032111398132,338.12548932938813,,,0.3,synthetic_vegetative,ok,independent_synthetic_two_layer_bridge_only
2026-05-05T08:45:00Z,SYNTHETIC_TWO_LAYER_SITE,ZONE_01,B03,identification,15,10.0,0.25942990968190716,0.2465619803201013,0.0,0.0,0.0,120.6928251909983,25.91542070570048,82.07408505809359,359.26233596317644,,,0.3,synthetic_vegetative,ok,independent_synthetic_two_layer_bridge_only
2026-05-05T09:00:00Z,SYNTHETIC_TWO_LAYER_SITE,ZONE_01,B03,identification,15,10.0,0.25785004285223423,0.24661943581427612,0.0,0.0,0.0,120.6928251909983,26.24974746830583,82.53803450686863,375.4611663037123,,,0.3,synthetic_vegetative,ok,independent_synthetic_two_layer_bridge_only
2026-05-05T09:15:00Z,SYNTHETIC_TWO_LAYER_SITE,ZONE_01,B03,identification,15,10.0,0.25578432546926083,0.24713803510200852,0.0,0.0,0.0,120.6928251909983,26.562878652352843,82.95329028121392,386.68375216323375,,,0.3,synthetic_vegetative,ok,independent_synthetic_two_layer_bridge_only
2026-05-05T09:30:00Z,SYNTHETIC_TWO_LAYER_SITE,ZONE_01,B03,identification,15,10.0,0.25366465482468087,0.24738230191038024,0.0,0.0,0.0,120.6928251909983,26.853473382038647,83.32096820700609,393.1561279323102,,,0.3,synthetic_vegetative,ok,independent_synthetic_two_layer_bridge_only
2026-05-05T09:45:00Z,SYNTHETIC_TWO_LAYER_SITE,ZONE_01,B03,identification,15,10.0,0.25377388238850784,0.24737698837555702,0.0,0.0,0.0,120.6928251909983,27.12028728611782,83.64215161051153,395.35332469989197,,,0.3,synthetic_vegetative,ok,independent_synthetic_two_layer_bridge_only
2026-05-05T10:00:00Z,SYNTHETIC_TWO_LAYER_SITE,ZONE_01,B03,identification,15,10.0,0.2527934845958773,0.24703715700200582,0.0,0.0,0.0,120.6928251909983,27.36217782649107,83.91786784772395,393.96655580421964,,,0.3,synthetic_vegetative,ok,independent_synthetic_two_layer_bridge_only
2026-05-05T10:15:00Z,SYNTHETIC_TWO_LAYER_SITE,ZONE_01,B03,identification,15,10.0,0.25139623178533305,0.24857316073220154,0.0,0.0,0.0,120.6928251909983,27.57810919072882,84.14906856176806,389.85509725012975,,,0.3,synthetic_vegetative,ok,independent_synthetic_two_layer_bridge_only
2026-05-05T10:30:00Z,SYNTHETIC_TWO_LAYER_SITE,ZONE_01,B03,identification,15,10.0,0.25142470237961456,0.24722257828523045,0.0,0.0,0.0,120.6928251909983,27.767156727579007,84.33661335524889,383.98620407928104,,,0.3,synthetic_vegetative,ok,independent_synthetic_two_layer_bridge_only
2026-05-05T10:45:00Z,SYNTHETIC_TWO_LAYER_SITE,ZONE_01,B03,identification,15,10.0,0.25032719766880146,0.24771438362777592,0.0,0.0,0.0,120.6928251909983,27.92851090646574,84.48125657214618,377.3672648128015,,,0.3,synthetic_vegetative,ok,independent_synthetic_two_layer_bridge_only
2026-05-05T11:00:00Z,SYNTHETIC_TWO_LAYER_SITE,ZONE_01,B03,identification,15,10.0,0.2493536587741083,0.24770915236580776,0.0,0.0,0.0,120.6928251909983,28.061480784023477,84.58363690357092,370.97495882390615,,,0.3,synthetic_vegetative,ok,independent_synthetic_two_layer_bridge_only
2026-05-05T11:15:00Z,SYNTHETIC_TWO_LAYER_SITE,ZONE_01,B03,identification,15,10.0,0.24952085524856213,0.24681024916378422,0.0,0.0,0.0,120.6928251909983,28.165496962822612,84.64426956075557,365.686405543029,,,0.3,synthetic_vegetative,ok,independent_synthetic_two_layer_bridge_only
2026-05-05T11:30:00Z,SYNTHETIC_TWO_LAYER_SITE,ZONE_01,B03,identification,15,10.0,0.24850678380484262,0.24819295042935346,0.0,0.0,0.0,120.6928251909983,28.240114029616674,84.66354079474026,362.21716352120865,,,0.3,synthetic_vegetative,ok,independent_synthetic_two_layer_bridge_only
2026-05-05T11:45:00Z,SYNTHETIC_TWO_LAYER_SITE,ZONE_01,B03,identification,15,10.0,0.24738474228571367,0.24739907324685728,0.0,0.0,0.0,120.6928251909983,28.285012462670224,84.64170458338086,361.07046068360097,,,0.3,synthetic_vegetative,ok,independent_synthetic_two_layer_bridge_only
2026-05-05T12:00:00Z,SYNTHETIC_TWO_LAYER_SITE,ZONE_01,B03,identification,15,10.0,0.24792130188967293,0.2473755341157621,0.0,0.0,0.0,120.6928251909983,28.3,84.57888135089419,362.5012483863738,,,0.3,synthetic_vegetative,ok,independent_synthetic_two_layer_bridge_only
2026-05-05T12:15:00Z,SYNTHETIC_TWO_LAYER_SITE,ZONE_01,B03,identification,15,10.0,0.24657351530561486,0.24675599108629231,0.0,0.0,0.0,120.6928251909983,28.285012462670224,84.47505863177629,366.4976272170276,,,0.3,synthetic_vegetative,ok,independent_synthetic_two_layer_bridge_only
2026-05-05T12:30:00Z,SYNTHETIC_TWO_LAYER_SITE,ZONE_01,B03,identification,15,10.0,0.2460899623025143,0.24653853969663173,0.0,0.0,0.0,120.6928251909983,28.240114029616674,84.33009363839636,372.78096619714745,,,0.3,synthetic_vegetative,ok,independent_synthetic_two_layer_bridge_only
2026-05-05T12:45:00Z,SYNTHETIC_TWO_LAYER_SITE,ZONE_01,B03,identification,15,10.0,0.24584975412026686,0.24721885360707532,0.0,0.0,0.0,120.6928251909983,28.165496962822612,84.14371773882408,380.8247164736776,,,0.3,synthetic_vegetative,ok,independent_synthetic_two_layer_bridge_only
2026-05-05T13:00:00Z,SYNTHETIC_TWO_LAYER_SITE,ZONE_01,B03,identification,15,10.0,0.24515930033330907,0.24599060016405433,0.0,0.0,0.0,120.6928251909983,28.061480784023477,83.91554289750586,389.8905997714351,,,0.3,synthetic_vegetative,ok,independent_synthetic_two_layer_bridge_only
2026-05-05T13:15:00Z,SYNTHETIC_TWO_LAYER_SITE,ZONE_01,B03,identification,15,10.0,0.24453118273369698,0.24661791638123268,0.0,0.0,0.0,120.6928251909983,27.928510906465743,83.6450701752771,399.07962489724787,,,0.3,synthetic_vegetative,ok,independent_synthetic_two_layer_bridge_only
2026-05-05T13:30:00Z,SYNTHETIC_TWO_LAYER_SITE,ZONE_01,B03,identification,15,10.0,0.24406106850824197,0.24625354222835674,0.0,0.0,0.0,120.6928251909983,27.76715672757901,83.33170042582194,407.39433980987445,,,0.3,synthetic_vegetative,ok,independent_synthetic_two_layer_bridge_only
2026-05-05T13:45:00Z,SYNTHETIC_TWO_LAYER_SITE,ZONE_01,B03,identification,15,10.0,0.24409532684697033,0.2464943159195563,0.0,0.0,0.0,120.6928251909983,27.57810919072882,82.97474736188431,413.8079366399025,,,0.3,synthetic_vegetative,ok,independent_synthetic_two_layer_bridge_only
2026-05-05T14:00:00Z,SYNTHETIC_TWO_LAYER_SITE,ZONE_01,B03,identification,15,10.0,0.24356805174892227,0.2455859720781523,0.0,0.0,0.0,120.6928251909983,27.362177826491074,82.57345319491891,417.3353487513427,,,0.3,synthetic_vegetative,ok,independent_synthetic_two_layer_bridge_only
2026-05-05T14:15:00Z,SYNTHETIC_TWO_LAYER_SITE,ZONE_01,B03,identification,15,10.0,0.24316734722534064,0.2453669667178989,0.0,0.0,0.0,120.6928251909983,27.12028728611782,82.12700707484709,417.10134641340187,,,0.3,synthetic_vegetative,ok,independent_synthetic_two_layer_bridge_only
2026-05-05T14:30:00Z,SYNTHETIC_TWO_LAYER_SITE,ZONE_01,B03,identification,15,10.0,0.2417830775990051,0.24476823026683572,0.0,0.0,0.0,120.6928251909983,26.853473382038647,81.63456657029224,412.40086014917176,,,0.3,synthetic_vegetative,ok,independent_synthetic_two_layer_bridge_only
2026-05-05T14:45:00Z,SYNTHETIC_TWO_LAYER_SITE,ZONE_01,B03,identification,15,10.0,0.24259125679684135,0.2438557061330627,0.0,0.0,0.0,120.6928251909983,26.562878652352843,81.09528243198247,402.7473222634698,,,0.3,synthetic_vegetative,ok,independent_synthetic_two_layer_bridge_only
2026-05-05T15:00:00Z,SYNTHETIC_TWO_LAYER_SITE,ZONE_01,B03,identification,15,10.0,0.2409731353830521,0.24523698196300941,0.0,0.0,0.0,120.6928251909983,26.249747468305834,80.50832687054431,387.90567715713104,,,0.3,synthetic_vegetative,ok,independent_synthetic_two_layer_bridge_only
2026-05-05T15:15:00Z,SYNTHETIC_TWO_LAYER_SITE,ZONE_01,B03,identification,15,10.0,0.24137711070467407,0.24419868119447463,0.0,0.0,0.0,120.6928251909983,25.915420705700484,79.87292555207432,367.9078082391426,,,0.3,synthetic_vegetative,ok,independent_synthetic_two_layer_bridge_only
2026-05-05T15:30:00Z,SYNTHETIC_TWO_LAYER_SITE,ZONE_01,B03,identification,15,10.0,0.2407041792470224,0.243431766953676,0.0,0.0,0.0,120.6928251909983,25.561330003061048,79.18839346794536,343.04938508007854,,,0.3,synthetic_vegetative,ok,independent_synthetic_two_layer_bridge_only
2026-05-05T15:45:00Z,SYNTHETIC_TWO_LAYER_SITE,ZONE_01,B03,identification,15,10.0,0.2403285839186752,0.24308119026794206,0.0,0.0,0.0,120.6928251909983,25.188991631137217,78.45417476654988,313.86845914782356,,,0.3,synthetic_vegetative,ok,independent_synthetic_two_layer_bridge_only
2026-05-05T16:00:00Z,SYNTHETIC_TWO_LAYER_SITE,ZONE_01,B03,identification,15,10.0,0.24042546736927023,0.24384688580448888,0.0,0.0,0.0,120.6928251909983,24.8,77.66988654154395,281.1074353910915,,,0.3,synthetic_vegetative,ok,independent_synthetic_two_layer_bridge_only
2026-05-05T16:15:00Z,SYNTHETIC_TWO_LAYER_SITE,ZONE_01,B03,identification,15,10.0,0.23983641045172985,0.2430764031065881,0.0,0.0,0.0,120.6928251909983,24.39602083153301,76.8353664514648,245.66122733608967,,,0.3,synthetic_vegetative,ok,independent_synthetic_two_layer_bridge_only
2026-05-05T16:30:00Z,SYNTHETIC_TWO_LAYER_SITE,ZONE_01,B03,identification,15,10.0,0.24089223583619518,0.24217985060845545,0.0,0.0,0.0,120.6928251909983,23.97878402655563,75.9507238978539,208.5153809993054,,,0.3,synthetic_vegetative,ok,independent_synthetic_two_layer_bridge_only
2026-05-05T16:45:00Z,SYNTHETIC_TWO_LAYER_SITE,ZONE_01,B03,identification,15,10.0,0.23938363293978637,0.24255609975471912,0.0,0.0,0.0,120.6928251909983,23.550076257122132,75.01639431272751,170.67865808930358,,,0.3,synthetic_vegetative,ok,independent_synthetic_two_layer_bridge_only
2026-05-05T17:00:00Z,SYNTHETIC_TWO_LAYER_SITE,ZONE_01,B03,identification,15,10.0,0.24015434128105503,0.24266198594259417,0.0,0.0,0.0,120.6928251909983,23.111733315717647,74.03319590226664,133.11495147767425,,,0.3,synthetic_vegetative,ok,independent_synthetic_two_layer_bridge_only
2026-05-05T17:15:00Z,SYNTHETIC_TWO_LAYER_SITE,ZONE_01,B03,identification,15,10.0,0.23876024958911385,0.24230134370422604,0.0,0.0,0.0,120.6928251909983,22.665632254112897,73.00238796456804,96.6794386631964,,,0.3,synthetic_vegetative,ok,independent_synthetic_two_layer_bridge_only
2026-05-05T17:30:00Z,SYNTHETIC_TWO_LAYER_SITE,ZONE_01,B03,identification,15,10.0,0.2404114945451292,0.24202678307381856,0.0,0.0,0.0,120.6928251909983,22.213683345540364,71.92572964996215,62.063559859644876,,,0.3,synthetic_vegetative,ok,independent_synthetic_two_layer_bridge_only
2026-05-05T17:45:00Z,SYNTHETIC_TWO_LAYER_SITE,ZONE_01,B03,identification,15,10.0,0.23944364990206252,0.24213534926724642,0.0,0.0,0.0,120.6928251909983,21.757821904611003,70.80553777000766,29.752759502227388,,,0.3,synthetic_vegetative,ok,independent_synthetic_two_layer_bridge_only
2026-05-05T18:00:00Z,SYNTHETIC_TWO_LAYER_SITE,ZONE_01,B03,identification,15,10.0,0.2389048548572812,0.24240343571834536,0.0,0.0,0.0,120.6928251909983,21.3,69.6447419957806,5.323328214466092e-14,,,0.3,synthetic_vegetative,ok,independent_synthetic_two_layer_bridge_only
2026-05-05T18:15:00Z,SYNTHETIC_TWO_LAYER_SITE,ZONE_01,B03,identification,15,10.0,0.2397773933531321,0.24138486635971723,0.0,0.0,0.0,120.6928251909983,21.3,68.6759611752346,0.0,,,0.3,synthetic_vegetative,ok,independent_synthetic_two_layer_bridge_only
2026-05-05T18:30:00Z,SYNTHETIC_TWO_LAYER_SITE,ZONE_01,B03,identification,15,10.0,0.24030629705402598,0.24107011008517365,0.0,0.0,0.0,120.6928251909983,21.3,67.71960522079536,0.0,,,0.3,synthetic_vegetative,ok,independent_synthetic_two_layer_bridge_only
2026-05-05T18:45:00Z,SYNTHETIC_TWO_LAYER_SITE,ZONE_01,B03,identification,15,10.0,0.23954586261983615,0.24222614808215392,0.0,0.0,0.0,120.6928251909983,21.3,66.77976939548226,0.0,,,0.3,synthetic_vegetative,ok,independent_synthetic_two_layer_bridge_only
2026-05-05T19:00:00Z,SYNTHETIC_TWO_LAYER_SITE,ZONE_01,B03,identification,15,10.0,0.23989821138100118,0.24199673607089284,0.0,0.0,0.0,120.6928251909983,21.3,65.86047822058552,0.0,,,0.3,synthetic_vegetative,ok,independent_synthetic_two_layer_bridge_only
2026-05-05T19:15:00Z,SYNTHETIC_TWO_LAYER_SITE,ZONE_01,B03,identification,15,10.0,0.2395608263844492,0.24087744755126364,0.0,0.0,0.0,120.6928251909983,21.3,64.96566824204815,0.0,,,0.3,synthetic_vegetative,ok,independent_synthetic_two_layer_bridge_only
2026-05-05T19:30:00Z,SYNTHETIC_TWO_LAYER_SITE,ZONE_01,B03,identification,15,10.0,0.24042615252749422,0.24163454120498418,0.0,0.0,0.0,120.6928251909983,21.3,64.09917117357203,0.0,,,0.3,synthetic_vegetative,ok,independent_synthetic_two_layer_bridge_only
2026-05-05T19:45:00Z,SYNTHETIC_TWO_LAYER_SITE,ZONE_01,B03,identification,15,10.0,0.23954491283444582,0.2410106880732993,0.0,0.0,0.0,120.6928251909983,21.3,63.26469748863139,0.0,,,0.3,synthetic_vegetative,ok,independent_synthetic_two_layer_bridge_only
2026-05-05T20:00:00Z,SYNTHETIC_TWO_LAYER_SITE,ZONE_01,B03,identification,15,10.0,0.2400369647186915,0.24027219758958343,0.0,0.0,0.0,120.6928251909983,21.3,62.46582053165588,0.0,,,0.3,synthetic_vegetative,ok,independent_synthetic_two_layer_bridge_only
2026-05-05T20:15:00Z,SYNTHETIC_TWO_LAYER_SITE,ZONE_01,B03,identification,15,10.0,0.23899040583453168,0.24184353968740543,0.0,0.0,0.0,120.6928251909983,21.3,61.705961216421116,0.0,,,0.3,synthetic_vegetative,ok,independent_synthetic_two_layer_bridge_only
2026-05-05T20:30:00Z,SYNTHETIC_TWO_LAYER_SITE,ZONE_01,B03,identification,15,10.0,0.23835837153740638,0.24114017468233082,0.0,0.0,0.0,120.6928251909983,21.3,60.988373377170625,0.0,,,0.3,synthetic_vegetative,ok,independent_synthetic_two_layer_bridge_only
2026-05-05T20:45:00Z,SYNTHETIC_TWO_LAYER_SITE,ZONE_01,B03,identification,15,10.0,0.23959824475359337,0.24082595739735743,0.0,0.0,0.0,120.6928251909983,21.3,60.316129835198176,0.0,,,0.3,synthetic_vegetative,ok,independent_synthetic_two_layer_bridge_only
2026-05-05T21:00:00Z,SYNTHETIC_TWO_LAYER_SITE,ZONE_01,B03,identification,15,10.0,0.23834663943360404,0.24010714674701655,0.0,0.0,0.0,120.6928251909983,21.3,59.69210924055521,0.0,,,0.3,synthetic_vegetative,ok,independent_synthetic_two_layer_bridge_only
2026-05-05T21:15:00Z,SYNTHETIC_TWO_LAYER_SITE,ZONE_01,B03,identification,15,10.0,0.2394933363616352,0.24041937890050374,0.0,0.0,0.0,120.6928251909983,21.3,59.11898374522937,0.0,,,0.3,synthetic_vegetative,ok,independent_synthetic_two_layer_bridge_only
2026-05-05T21:30:00Z,SYNTHETIC_TWO_LAYER_SITE,ZONE_01,B03,identification,15,10.0,0.2391553455049648,0.24041247661952747,0.0,0.0,0.0,120.6928251909983,21.3,58.59920756057947,0.0,,,0.3,synthetic_vegetative,ok,independent_synthetic_two_layer_bridge_only
2026-05-05T21:45:00Z,SYNTHETIC_TWO_LAYER_SITE,ZONE_01,B03,identification,15,10.0,0.2388614077403789,0.24063819869356798,0.0,0.0,0.0,120.6928251909983,21.3,58.13500644802567,0.0,,,0.3,synthetic_vegetative,ok,independent_synthetic_two_layer_bridge_only
2026-05-05T22:00:00Z,SYNTHETIC_TWO_LAYER_SITE,ZONE_01,B03,identification,15,10.0,0.23744737774494892,0.23958501261342025,0.0,0.0,0.0,120.6928251909983,21.3,57.72836818799737,0.0,,,0.3,synthetic_vegetative,ok,independent_synthetic_two_layer_bridge_only
2026-05-05T22:15:00Z,SYNTHETIC_TWO_LAYER_SITE,ZONE_01,B03,identification,15,10.0,0.23871764546725974,0.23985793267356065,0.0,0.0,0.0,120.6928251909983,21.3,57.38103406795225,0.0,,,0.3,synthetic_vegetative,ok,independent_synthetic_two_layer_bridge_only
2026-05-05T22:30:00Z,SYNTHETIC_TWO_LAYER_SITE,ZONE_01,B03,identification,15,10.0,0.2374212550438229,0.23971306612024068,0.0,0.0,0.0,120.6928251909983,21.3,57.094491425916075,0.0,,,0.3,synthetic_vegetative,ok,independent_synthetic_two_layer_bridge_only
2026-05-05T22:45:00Z,SYNTHETIC_TWO_LAYER_SITE,ZONE_01,B03,identification,15,10.0,0.23831214908051815,0.23922081769335796,0.0,0.0,0.0,120.6928251909983,21.3,56.869967281472846,0.0,,,0.3,synthetic_vegetative,ok,independent_synthetic_two_layer_bridge_only
2026-05-05T23:00:00Z,SYNTHETIC_TWO_LAYER_SITE,ZONE_01,B03,identification,15,10.0,0.23823021138835068,0.2402750061937728,0.0,0.0,0.0,120.6928251909983,21.3,56.70842308147864,0.0,,,0.3,synthetic_vegetative,ok,independent_synthetic_two_layer_bridge_only
2026-05-05T23:15:00Z,SYNTHETIC_TWO_LAYER_SITE,ZONE_01,B03,identification,15,10.0,0.2380095857700017,0.23918200409876894,0.0,0.0,0.0,120.6928251909983,21.3,56.610550582998556,0.0,,,0.3,synthetic_vegetative,ok,independent_synthetic_two_layer_bridge_only
2026-05-05T23:30:00Z,SYNTHETIC_TWO_LAYER_SITE,ZONE_01,B03,identification,15,10.0,0.23845074734557975,0.23909758226041106,0.0,0.0,0.0,120.6928251909983,21.3,56.57676889109675,0.0,,,0.3,synthetic_vegetative,ok,independent_synthetic_two_layer_bridge_only
2026-05-05T23:45:00Z,SYNTHETIC_TWO_LAYER_SITE,ZONE_01,B03,identification,15,10.0,0.23710338298794423,0.23923208672145935,0.0,0.0,0.0,120.6928251909983,21.3,56.607222664164205,0.0,,,0.3,synthetic_vegetative,ok,independent_synthetic_two_layer_bridge_only
2026-05-06T00:00:00Z,SYNTHETIC_TWO_LAYER_SITE,ZONE_01,B03,identification,15,10.0,0.23755599202259142,0.23912323151036874,0.0,0.0,0.0,120.6928251909983,21.3,56.701781494469294,0.0,0.2375025989171227,0.23907731463246154,0.3,synthetic_vegetative,ok,independent_synthetic_two_layer_bridge_only
2026-05-07T00:00:00Z,SYNTHETIC_TWO_LAYER_SITE,ZONE_01,B04,identification,15,10.0,0.18505582766282064,0.21879581516485427,0.0,0.0,0.0,0.0,21.9,64.5369151147634,0.0,0.185,0.22,0.3,synthetic_vegetative,ok,independent_synthetic_two_layer_bridge_only
2026-05-07T00:15:00Z,SYNTHETIC_TWO_LAYER_SITE,ZONE_01,B04,identification,15,10.0,0.18668307426272412,0.21841387299523457,0.0,0.0,0.0,0.0,21.9,65.33921140676233,0.0,,,0.3,synthetic_vegetative,ok,independent_synthetic_two_layer_bridge_only
2026-05-07T00:30:00Z,SYNTHETIC_TWO_LAYER_SITE,ZONE_01,B04,identification,15,10.0,0.18856137524850247,0.2186851334476655,0.0,0.0,0.0,0.0,21.9,66.17260494032375,0.0,,,0.3,synthetic_vegetative,ok,independent_synthetic_two_layer_bridge_only
2026-05-07T00:45:00Z,SYNTHETIC_TWO_LAYER_SITE,ZONE_01,B04,identification,15,10.0,0.1902784523106508,0.21602714216065388,0.0,0.0,0.0,0.0,21.9,67.03352699639207,0.0,,,0.3,synthetic_vegetative,ok,independent_synthetic_two_layer_bridge_only
2026-05-07T01:00:00Z,SYNTHETIC_TWO_LAYER_SITE,ZONE_01,B04,identification,15,10.0,0.1924122555926249,0.2139691540431391,0.0,0.0,0.0,0.0,21.9,67.91829097455202,0.0,,,0.3,synthetic_vegetative,ok,independent_synthetic_two_layer_bridge_only
2026-05-07T01:15:00Z,SYNTHETIC_TWO_LAYER_SITE,ZONE_01,B04,identification,15,10.0,0.19388598295304107,0.21293557999386117,0.0,0.0,0.0,0.0,21.9,68.82310817961772,0.0,,,0.3,synthetic_vegetative,ok,independent_synthetic_two_layer_bridge_only
2026-05-07T01:30:00Z,SYNTHETIC_TWO_LAYER_SITE,ZONE_01,B04,identification,15,10.0,0.1939246558762883,0.21366342589778348,0.0,0.0,0.0,0.0,21.9,69.74410404540697,0.0,,,0.3,synthetic_vegetative,ok,independent_synthetic_two_layer_bridge_only
2026-05-07T01:45:00Z,SYNTHETIC_TWO_LAYER_SITE,ZONE_01,B04,identification,15,10.0,0.1948815891516932,0.2123485899910798,0.0,0.0,0.0,0.0,21.9,70.67733472622864,0.0,,,0.3,synthetic_vegetative,ok,independent_synthetic_two_layer_bridge_only
2026-05-07T02:00:00Z,SYNTHETIC_TWO_LAYER_SITE,ZONE_01,B04,identification,15,10.0,0.19591807138518685,0.21158377669225387,0.0,0.0,0.0,0.0,21.9,71.61880398503526,0.0,,,0.3,synthetic_vegetative,ok,independent_synthetic_two_layer_bridge_only
2026-05-07T02:15:00Z,SYNTHETIC_TWO_LAYER_SITE,ZONE_01,B04,identification,15,10.0,0.19627636914047522,0.21105340795735478,0.0,0.0,0.0,0.0,21.9,72.56448030592362,0.0,,,0.3,synthetic_vegetative,ok,independent_synthetic_two_layer_bridge_only
2026-05-07T02:30:00Z,SYNTHETIC_TWO_LAYER_SITE,ZONE_01,B04,identification,15,10.0,0.1980596470016073,0.20989525913331653,0.0,0.0,0.0,0.0,21.9,73.51031415770481,0.0,,,0.3,synthetic_vegetative,ok,independent_synthetic_two_layer_bridge_only
2026-05-07T02:45:00Z,SYNTHETIC_TWO_LAYER_SITE,ZONE_01,B04,identification,15,10.0,0.19852787344286454,0.21004390064176262,0.0,0.0,0.0,0.0,21.9,74.45225533461846,0.0,,,0.3,synthetic_vegetative,ok,independent_synthetic_two_layer_bridge_only
2026-05-07T03:00:00Z,SYNTHETIC_TWO_LAYER_SITE,ZONE_01,B04,identification,15,10.0,0.19779765415570086,0.20925364550959863,0.0,0.0,0.0,0.0,21.9,75.38627029993557,0.0,,,0.3,synthetic_vegetative,ok,independent_synthetic_two_layer_bridge_only
2026-05-07T03:15:00Z,SYNTHETIC_TWO_LAYER_SITE,ZONE_01,B04,identification,15,10.0,0.1988783382432194,0.20833082054059232,0.0,0.0,0.0,0.0,21.9,76.30835945818208,0.0,,,0.3,synthetic_vegetative,ok,independent_synthetic_two_layer_bridge_only
2026-05-07T03:30:00Z,SYNTHETIC_TWO_LAYER_SITE,ZONE_01,B04,identification,15,10.0,0.20546349291030064,0.20941135285069853,1.0,0.8603233129617516,0.5735488753078344,8.603233129617516,21.9,77.21457428202066,0.0,,,0.3,synthetic_vegetative,ok,independent_synthetic_two_layer_bridge_only
2026-05-07T03:45:00Z,SYNTHETIC_TWO_LAYER_SITE,ZONE_01,B04,identification,15,10.0,0.2120631354023299,0.2092275919265776,1.0,0.8699579197904694,0.5799719465269796,17.30281232752221,21.9,78.10103422045101,0.0,,,0.3,synthetic_vegetative,ok,independent_synthetic_two_layer_bridge_only
2026-05-07T04:00:00Z,SYNTHETIC_TWO_LAYER_SITE,ZONE_01,B04,identification,15,10.0,0.21929884409377515,0.20909859886949833,1.0,0.8817032613249619,0.5878021742166413,26.11984494077183,21.9,78.96394331592498,0.0,,,0.3,synthetic_vegetative,ok,independent_synthetic_two_layer_bridge_only
2026-05-07T04:15:00Z,SYNTHETIC_TWO_LAYER_SITE,ZONE_01,B04,identification,15,10.0,0.2245789200891142,0.20972752548328852,1.0,0.856373231599929,0.5709154877332859,34.683577256771116,21.9,79.7996064592195,0.0,,,0.3,synthetic_vegetative,ok,independent_synthetic_two_layer_bridge_only
2026-05-07T04:30:00Z,SYNTHETIC_TWO_LAYER_SITE,ZONE_01,B04,identification,15,10.0,0.23120095994767995,0.21172643149267234,1.0,0.8536626125996072,0.5691084083997382,43.22020338276719,21.9,80.6044452124617,0.0,,,0.3,synthetic_vegetative,ok,independent_synthetic_two_layer_bridge_only
2026-05-07T04:45:00Z,SYNTHETIC_TWO_LAYER_SITE,ZONE_01,B04,identification,15,10.0,0.23634331384793952,0.21202544110976956,1.0,0.8530907751249545,0.5687271834166363,51.75111113401673,21.9,81.37501313254904,0.0,,,0.3,synthetic_vegetative,ok,independent_synthetic_two_layer_bridge_only
2026-05-07T05:00:00Z,SYNTHETIC_TWO_LAYER_SITE,ZONE_01,B04,identification,15,10.0,0.24048636757408617,0.21357920093761226,1.0,0.8550649484834795,0.5700432989889863,60.301760618851524,21.9,82.10801052934801,0.0,,,0.3,synthetic_vegetative,ok,independent_synthetic_two_layer_bridge_only
2026-05-07T05:15:00Z,SYNTHETIC_TWO_LAYER_SITE,ZONE_01,B04,identification,15,10.0,0.24547567971383513,0.21584120130935627,1.0,0.8519510429764459,0.5679673619842973,68.82127104861598,21.9,82.80029859547369,0.0,,,0.3,synthetic_vegetative,ok,independent_synthetic_two_layer_bridge_only
2026-05-07T05:30:00Z,SYNTHETIC_TWO_LAYER_SITE,ZONE_01,B04,identification,15,10.0,0.2508183567021232,0.21735643630772525,1.0,0.8566943290151411,0.5711295526767607,77.3882143387674,21.9,83.44891284714492,0.0,,,0.3,synthetic_vegetative,ok,independent_synthetic_two_layer_bridge_only
2026-05-07T05:45:00Z,SYNTHETIC_TWO_LAYER_SITE,ZONE_01,B04,identification,15,10.0,0.25437235961667964,0.21817607050387483,1.0,0.8536228093131414,0.5690818728754276,85.92444243189881,21.9,84.05107581855901,0.0,,,0.3,synthetic_vegetative,ok,independent_synthetic_two_layer_bridge_only
2026-05-07T06:00:00Z,SYNTHETIC_TWO_LAYER_SITE,ZONE_01,B04,identification,15,10.0,0.25315848748154424,0.21964070886441842,0.0,0.0,0.0,85.92444243189881,21.9,84.60420895542661,0.0,,,0.3,synthetic_vegetative,ok,independent_synthetic_two_layer_bridge_only
2026-05-07T06:15:00Z,SYNTHETIC_TWO_LAYER_SITE,ZONE_01,B04,identification,15,10.0,0.251315184096197,0.2206983711384522,0.0,0.0,0.0,85.92444243189881,22.357821904611,84.91031193693782,29.79832688901018,,,0.3,synthetic_vegetative,ok,independent_synthetic_two_layer_bridge_only
2026-05-07T06:30:00Z,SYNTHETIC_TWO_LAYER_SITE,ZONE_01,B04,identification,15,10.0,0.24861697928442097,0.22230821510530538,0.0,0.0,0.0,85.92444243189881,22.81368334554036,85.15987911765409,60.71700494396866,,,0.3,synthetic_vegetative,ok,independent_synthetic_two_layer_bridge_only
2026-05-07T06:45:00Z,SYNTHETIC_TWO_LAYER_SITE,ZONE_01,B04,identification,15,10.0,0.2468028802621914,0.22453192419892148,0.0,0.0,0.0,85.92444243189881,23.265632254112898,85.35603994131489,92.01122783594036,,,0.3,synthetic_vegetative,ok,independent_synthetic_two_layer_bridge_only
2026-05-07T07:00:00Z,SYNTHETIC_TWO_LAYER_SITE,ZONE_01,B04,identification,15,10.0,0.24529101454339103,0.22372205918121643,0.0,0.0,0.0,85.92444243189881,23.711733315717645,85.50187181761568,122.87029647456859,,,0.3,synthetic_vegetative,ok,independent_synthetic_two_layer_bridge_only
2026-05-07T07:15:00Z,SYNTHETIC_TWO_LAYER_SITE,ZONE_01,B04,identification,15,10.0,0.24343982681655393,0.22533853422645428,0.0,0.0,0.0,85.92444243189881,24.15007625712213,85.60034741741606,152.47328085121742,,,0.3,synthetic_vegetative,ok,independent_synthetic_two_layer_bridge_only
2026-05-07T07:30:00Z,SYNTHETIC_TWO_LAYER_SITE,ZONE_01,B04,identification,15,10.0,0.24216382190237096,0.2249614944363553,0.0,0.0,0.0,85.92444243189881,24.578784026555628,85.65429213981307,180.04587273204487,,,0.3,synthetic_vegetative,ok,independent_synthetic_two_layer_bridge_only
2026-05-07T07:45:00Z,SYNTHETIC_TWO_LAYER_SITE,ZONE_01,B04,identification,15,10.0,0.24046790291087067,0.22639460306917442,0.0,0.0,0.0,85.92444243189881,24.99602083153301,85.66635103440699,204.91429662397277,,,0.3,synthetic_vegetative,ok,independent_synthetic_two_layer_bridge_only
2026-05-07T08:00:00Z,SYNTHETIC_TWO_LAYER_SITE,ZONE_01,B04,identification,15,10.0,0.2399881996068649,0.22667477960532917,0.0,0.0,0.0,85.92444243189881,25.4,85.63896431525978,226.55235113675056,,,0.3,synthetic_vegetative,ok,independent_synthetic_two_layer_bridge_only
2026-05-07T08:15:00Z,SYNTHETIC_TWO_LAYER_SITE,ZONE_01,B04,identification,15,10.0,0.23859941908837357,0.22732698144296612,0.0,0.0,0.0,85.92444243189881,25.788991631137215,85.5743505197795,244.61814012139286,,,0.3,synthetic_vegetative,ok,independent_synthetic_two_layer_bridge_only
2026-05-07T08:30:00Z,SYNTHETIC_TWO_LAYER_SITE,ZONE_01,B04,identification,15,10.0,0.23793583689779405,0.22739658535840943,0.0,0.0,0.0,85.92444243189881,26.161330003061043,85.47449633628024,258.9777880167093,,,0.3,synthetic_vegetative,ok,independent_synthetic_two_layer_bridge_only
2026-05-07T08:45:00Z,SYNTHETIC_TWO_LAYER_SITE,ZONE_01,B04,identification,15,10.0,0.23557277132377383,0.22831721366916757,0.0,0.0,0.0,85.92444243189881,26.51542070570048,85.34115213812443,269.7143641724378,,,0.3,synthetic_vegetative,ok,independent_synthetic_two_layer_bridge_only
2026-05-07T09:00:00Z,SYNTHETIC_TWO_LAYER_SITE,ZONE_01,B04,identification,15,10.0,0.23600542025788102,0.22821191623295622,0.0,0.0,0.0,85.92444243189881,26.84974746830583,85.17583231028989,277.1213000363564,,,0.3,synthetic_vegetative,ok,independent_synthetic_two_layer_bridge_only
2026-05-07T09:15:00Z,SYNTHETIC_TWO_LAYER_SITE,ZONE_01,B04,identification,15,10.0,0.23388255628057875,0.22773040490341126,0.0,0.0,0.0,85.92444243189881,27.16287865235284,84.97981952681351,281.68069524920065,,,0.3,synthetic_vegetative,ok,independent_synthetic_two_layer_bridge_only
2026-05-07T09:30:00Z,SYNTHETIC_TWO_LAYER_SITE,ZONE_01,B04,identification,15,10.0,0.2336236792277146,0.22834421310965855,0.0,0.0,0.0,85.92444243189881,27.453473382038645,84.7541722267852,284.02799431374103,,,0.3,synthetic_vegetative,ok,independent_synthetic_two_layer_bridge_only
2026-05-07T09:45:00Z,SYNTHETIC_TWO_LAYER_SITE,ZONE_01,B04,identification,15,10.0,0.23225825809598624,0.22803175215185345,0.0,0.0,0.0,85.92444243189881,27.720287286117816,84.49973463555133,284.905496882906,,,0.3,synthetic_vegetative,ok,independent_synthetic_two_layer_bridge_only
2026-05-07T10:00:00Z,SYNTHETIC_TWO_LAYER_SITE,ZONE_01,B04,identification,15,10.0,0.2316738085391861,0.22826405338824754,0.0,0.0,0.0,85.92444243189881,27.962177826491068,84.21714878092561,285.10797155370324,,,0.3,synthetic_vegetative,ok,independent_synthetic_two_layer_bridge_only
2026-05-07T10:15:00Z,SYNTHETIC_TWO_LAYER_SITE,ZONE_01,B04,identification,15,10.0,0.23218344940480712,0.2284870592609302,0.0,0.0,0.0,85.92444243189881,28.17810919072882,83.90686805708792,285.42421751026325,,,0.3,synthetic_vegetative,ok,independent_synthetic_two_layer_bridge_only
2026-05-07T10:30:00Z,SYNTHETIC_TWO_LAYER_SITE,ZONE_01,B04,identification,15,10.0,0.23180758904163928,0.22852915261137038,0.0,0.0,0.0,85.92444243189881,28.367156727579005,83.56917198815582,286.57871916378576,,,0.3,synthetic_vegetative,ok,independent_synthetic_two_layer_bridge_only
2026-05-07T10:45:00Z,SYNTHETIC_TWO_LAYER_SITE,ZONE_01,B04,identification,15,10.0,0.23016476797829097,0.2284931685546254,0.0,0.0,0.0,85.92444243189881,28.528510906465737,83.20418193675742,289.17754435774094,,,0.3,synthetic_vegetative,ok,independent_synthetic_two_layer_bridge_only
2026-05-07T11:00:00Z,SYNTHETIC_TWO_LAYER_SITE,ZONE_01,B04,identification,15,10.0,0.22974106139985329,0.22963347673932552,0.0,0.0,0.0,85.92444243189881,28.661480784023475,82.81187758871734,293.66234610429086,,,0.3,synthetic_vegetative,ok,independent_synthetic_two_layer_bridge_only
2026-05-07T11:15:00Z,SYNTHETIC_TWO_LAYER_SITE,ZONE_01,B04,identification,15,10.0,0.22927959374612994,0.22869027147214346,0.0,0.0,0.0,85.92444243189881,28.76549696282261,82.3921141221949,300.2757616966269,,,0.3,synthetic_vegetative,ok,independent_synthetic_two_layer_bridge_only
2026-05-07T11:30:00Z,SYNTHETIC_TWO_LAYER_SITE,ZONE_01,B04,identification,15,10.0,0.22867612498224546,0.22825278599272264,0.0,0.0,0.0,85.92444243189881,28.84011402961667,81.94464003773517,309.04070158876334,,,0.3,synthetic_vegetative,ok,independent_synthetic_two_layer_bridge_only
2026-05-07T11:45:00Z,SYNTHETIC_TWO_LAYER_SITE,ZONE_01,B04,identification,15,10.0,0.2276687392677745,0.22835613973552435,0.0,0.0,0.0,85.92444243189881,28.885012462670222,81.46911568445583,319.7550406524092,,,0.3,synthetic_vegetative,ok,independent_synthetic_two_layer_bridge_only
2026-05-07T12:00:00Z,SYNTHETIC_TWO_LAYER_SITE,ZONE_01,B04,identification,15,10.0,0.22680987259631066,0.22955729174829073,0.0,0.0,0.0,85.92444243189881,28.9,80.96513256690044,332.00213606061385,,,0.3,synthetic_vegetative,ok,independent_synthetic_two_layer_bridge_only
2026-05-07T12:15:00Z,SYNTHETIC_TWO_LAYER_SITE,ZONE_01,B04,identification,15,10.0,0.2262029013465042,0.2286546390351576,0.0,0.0,0.0,85.92444243189881,28.885012462670222,80.43223355689543,345.17647662872565,,,0.3,synthetic_vegetative,ok,independent_synthetic_two_layer_bridge_only
2026-05-07T12:30:00Z,SYNTHETIC_TWO_LAYER_SITE,ZONE_01,B04,identification,15,10.0,0.22672912804900147,0.2275676604440772,0.0,0.0,0.0,85.92444243189881,28.84011402961667,79.8699341649576,358.5226977167247,,,0.3,synthetic_vegetative,ok,independent_synthetic_two_layer_bridge_only
2026-05-07T12:45:00Z,SYNTHETIC_TWO_LAYER_SITE,ZONE_01,B04,identification,15,10.0,0.22440540811141257,0.22731475126731063,0.0,0.0,0.0,85.92444243189881,28.76549696282261,79.27774504619573,371.1852500535413,,,0.3,synthetic_vegetative,ok,independent_synthetic_two_layer_bridge_only
2026-05-07T13:00:00Z,SYNTHETIC_TWO_LAYER_SITE,ZONE_01,B04,identification,15,10.0,0.2242559850492739,0.22690727975770456,0.0,0.0,0.0,85.92444243189881,28.661480784023475,78.6551959258436,382.2652574645557,,,0.3,synthetic_vegetative,ok,independent_synthetic_two_layer_bridge_only
2026-05-07T13:15:00Z,SYNTHETIC_TWO_LAYER_SITE,ZONE_01,B04,identification,15,10.0,0.22439725738819485,0.22747242819786517,0.0,0.0,0.0,85.92444243189881,28.52851090646574,78.00186112895221,390.8805911284427,,,0.3,synthetic_vegetative,ok,independent_synthetic_two_layer_bridge_only
2026-05-07T13:30:00Z,SYNTHETIC_TWO_LAYER_SITE,ZONE_01,B04,identification,15,10.0,0.22271276632914708,0.22656487022492725,0.0,0.0,0.0,85.92444243189881,28.367156727579008,77.31738688653952,396.2249627671642,,,0.3,synthetic_vegetative,ok,independent_synthetic_two_layer_bridge_only
2026-05-07T13:45:00Z,SYNTHETIC_TWO_LAYER_SITE,ZONE_01,B04,identification,15,10.0,0.22392913488688693,0.2258653719170769,0.0,0.0,0.0,85.92444243189881,28.17810919072882,76.60152056561907,397.6219120618681,,,0.3,synthetic_vegetative,ok,independent_synthetic_two_layer_bridge_only
2026-05-07T14:00:00Z,SYNTHETIC_TWO_LAYER_SITE,ZONE_01,B04,identification,15,10.0,0.2225174251869792,0.22544287693710016,0.0,0.0,0.0,85.92444243189881,27.96217782649107,75.85414193180176,394.56992929723907,,,0.3,synthetic_vegetative,ok,independent_synthetic_two_layer_bridge_only
2026-05-07T14:15:00Z,SYNTHETIC_TWO_LAYER_SITE,ZONE_01,B04,identification,15,10.0,0.2223963679954649,0.2264388459368103,0.0,0.0,0.0,85.92444243189881,27.720287286117816,75.07529649927744,386.7755865874242,,,0.3,synthetic_vegetative,ok,independent_synthetic_two_layer_bridge_only
2026-05-07T14:30:00Z,SYNTHETIC_TWO_LAYER_SITE,ZONE_01,B04,identification,15,10.0,0.22194191393199394,0.22555682243514175,0.0,0.0,0.0,85.92444243189881,27.453473382038645,74.26523095259216,374.1724048305503,,,0.3,synthetic_vegetative,ok,independent_synthetic_two_layer_bridge_only
2026-05-07T14:45:00Z,SYNTHETIC_TWO_LAYER_SITE,ZONE_01,B04,identification,15,10.0,0.22214240776403418,0.22597308074904543,0.0,0.0,0.0,85.92444243189881,27.16287865235284,73.42443053651661,356.92419779128846,,,0.3,synthetic_vegetative,ok,independent_synthetic_two_layer_bridge_only
2026-05-07T15:00:00Z,SYNTHETIC_TWO_LAYER_SITE,ZONE_01,B04,identification,15,10.0,0.22186173966863018,0.22510669479991235,0.0,0.0,0.0,85.92444243189881,26.849747468305832,72.55365820346753,335.41273700779885,,,0.3,synthetic_vegetative,ok,independent_synthetic_two_layer_bridge_only
2026-05-07T15:15:00Z,SYNTHETIC_TWO_LAYER_SITE,ZONE_01,B04,identification,15,10.0,0.2209253070731349,0.22518718146691113,0.0,0.0,0.0,85.92444243189881,26.515420705700482,71.65399518187832,310.21069289108567,,,0.3,synthetic_vegetative,ok,independent_synthetic_two_layer_bridge_only
2026-05-07T15:30:00Z,SYNTHETIC_TWO_LAYER_SITE,ZONE_01,B04,identification,15,10.0,0.2200717478175184,0.2251607904155407,0.0,0.0,0.0,85.92444243189881,26.161330003061046,70.72688248376663,282.0418491265491,,,0.3,synthetic_vegetative,ok,independent_synthetic_two_layer_bridge_only
2026-05-07T15:45:00Z,SYNTHETIC_TWO_LAYER_SITE,ZONE_01,B04,identification,15,10.0,0.21982649539870122,0.22426505722067253,0.0,0.0,0.0,85.92444243189881,25.788991631137215,69.77416270660208,251.73148502436663,,,0.3,synthetic_vegetative,ok,independent_synthetic_two_layer_bridge_only
2026-05-07T16:00:00Z,SYNTHETIC_TWO_LAYER_SITE,ZONE_01,B04,identification,15,10.0,0.2201858463899361,0.22398297256885932,0.0,0.0,0.0,85.92444243189881,25.4,68.79812130572702,220.15050985710567,,,0.3,synthetic_vegetative,ok,independent_synthetic_two_layer_bridge_only
2026-05-07T16:15:00Z,SYNTHETIC_TWO_LAYER_SITE,ZONE_01,B04,identification,15,10.0,0.22036195486876295,0.22351381051092745,0.0,0.0,0.0,85.92444243189881,24.99602083153301,67.801526322804,188.1573654300687,,,0.3,synthetic_vegetative,ok,independent_synthetic_two_layer_bridge_only
2026-05-07T16:30:00Z,SYNTHETIC_TWO_LAYER_SITE,ZONE_01,B04,identification,15,10.0,0.21854164417613273,0.22337825213269463,0.0,0.0,0.0,85.92444243189881,24.578784026555628,66.78766535858477,156.5418575137409,,,0.3,synthetic_vegetative,ok,independent_synthetic_two_layer_bridge_only
2026-05-07T16:45:00Z,SYNTHETIC_TWO_LAYER_SITE,ZONE_01,B04,identification,15,10.0,0.21823172477705685,0.22301729639929263,0.0,0.0,0.0,85.92444243189881,24.15007625712213,65.76037838221025,125.97492327584283,,,0.3,synthetic_vegetative,ok,independent_synthetic_two_layer_bridge_only
2026-05-07T17:00:00Z,SYNTHETIC_TWO_LAYER_SITE,ZONE_01,B04,identification,15,10.0,0.21879103049595755,0.2235040291527475,0.0,0.0,0.0,85.92444243189881,23.711733315717645,64.72408478387375,96.96790172985199,,,0.3,synthetic_vegetative,ok,independent_synthetic_two_layer_bridge_only
2026-05-07T17:15:00Z,SYNTHETIC_TWO_LAYER_SITE,ZONE_01,B04,identification,15,10.0,0.21845445024850535,0.2230295423981603,0.0,0.0,0.0,85.92444243189881,23.265632254112894,63.683802914757635,69.84417920509622,,,0.3,synthetic_vegetative,ok,independent_synthetic_two_layer_bridge_only
2026-05-07T17:30:00Z,SYNTHETIC_TWO_LAYER_SITE,ZONE_01,B04,identification,15,10.0,0.21845173011543187,0.22277577398170376,0.0,0.0,0.0,85.92444243189881,22.813683345540362,62.64516023143671,44.72518189535015,,,0.3,synthetic_vegetative,ok,independent_synthetic_two_layer_bridge_only
2026-05-07T17:45:00Z,SYNTHETIC_TWO_LAYER_SITE,ZONE_01,B04,identification,15,10.0,0.2191109935490985,0.22157629620251496,0.0,0.0,0.0,85.92444243189881,22.357821904611,61.61439208684661,21.531647254902246,,,0.3,synthetic_vegetative,ok,independent_synthetic_two_layer_bridge_only
2026-05-07T18:00:00Z,SYNTHETIC_TWO_LAYER_SITE,ZONE_01,B04,identification,15,10.0,0.21870529718399304,0.2223601115587449,0.0,0.0,0.0,85.92444243189881,21.9,60.59832720292759,3.897362894269008e-14,,,0.3,synthetic_vegetative,ok,independent_synthetic_two_layer_bridge_only
2026-05-07T18:15:00Z,SYNTHETIC_TWO_LAYER_SITE,ZONE_01,B04,identification,15,10.0,0.21923353291109307,0.22221117057223438,0.0,0.0,0.0,85.92444243189881,21.9,60.09659250161712,0.0,,,0.3,synthetic_vegetative,ok,independent_synthetic_two_layer_bridge_only
2026-05-07T18:30:00Z,SYNTHETIC_TWO_LAYER_SITE,ZONE_01,B04,identification,15,10.0,0.21930283414293128,0.2219493019613197,0.0,0.0,0.0,85.92444243189881,21.9,59.648404740882455,0.0,,,0.3,synthetic_vegetative,ok,independent_synthetic_two_layer_bridge_only
2026-05-07T18:45:00Z,SYNTHETIC_TWO_LAYER_SITE,ZONE_01,B04,identification,15,10.0,0.21918934717610797,0.22239080307016018,0.0,0.0,0.0,85.92444243189881,21.9,59.25568312952214,0.0,,,0.3,synthetic_vegetative,ok,independent_synthetic_two_layer_bridge_only
2026-05-07T19:00:00Z,SYNTHETIC_TWO_LAYER_SITE,ZONE_01,B04,identification,15,10.0,0.21834559701734646,0.22195208035918024,0.0,0.0,0.0,85.92444243189881,21.9,58.92010936176773,0.0,,,0.3,synthetic_vegetative,ok,independent_synthetic_two_layer_bridge_only
2026-05-07T19:15:00Z,SYNTHETIC_TWO_LAYER_SITE,ZONE_01,B04,identification,15,10.0,0.21923432667614232,0.2212025303252952,0.0,0.0,0.0,85.92444243189881,21.9,58.643120416010944,0.0,,,0.3,synthetic_vegetative,ok,independent_synthetic_two_layer_bridge_only
2026-05-07T19:30:00Z,SYNTHETIC_TWO_LAYER_SITE,ZONE_01,B04,identification,15,10.0,0.21815228053949115,0.22118339176747953,0.0,0.0,0.0,85.92444243189881,21.9,58.425902401441675,0.0,,,0.3,synthetic_vegetative,ok,independent_synthetic_two_layer_bridge_only
2026-05-07T19:45:00Z,SYNTHETIC_TWO_LAYER_SITE,ZONE_01,B04,identification,15,10.0,0.2183904073311108,0.22121912988603987,0.0,0.0,0.0,85.92444243189881,21.9,58.26938547894618,0.0,,,0.3,synthetic_vegetative,ok,independent_synthetic_two_layer_bridge_only
2026-05-07T20:00:00Z,SYNTHETIC_TWO_LAYER_SITE,ZONE_01,B04,identification,15,10.0,0.21822592751103756,0.22096982432064163,0.0,0.0,0.0,85.92444243189881,21.9,58.174239878015534,0.0,,,0.3,synthetic_vegetative,ok,independent_synthetic_two_layer_bridge_only
2026-05-07T20:15:00Z,SYNTHETIC_TWO_LAYER_SITE,ZONE_01,B04,identification,15,10.0,0.21869432377910972,0.22084853315595662,0.0,0.0,0.0,85.92444243189881,21.9,58.14087302671991,0.0,,,0.3,synthetic_vegetative,ok,independent_synthetic_two_layer_bridge_only
2026-05-07T20:30:00Z,SYNTHETIC_TWO_LAYER_SITE,ZONE_01,B04,identification,15,10.0,0.218004314274946,0.2211618512672957,0.0,0.0,0.0,85.92444243189881,21.9,58.169427807039156,0.0,,,0.3,synthetic_vegetative,ok,independent_synthetic_two_layer_bridge_only
2026-05-07T20:45:00Z,SYNTHETIC_TWO_LAYER_SITE,ZONE_01,B04,identification,15,10.0,0.21833949691877644,0.22078531244353208,0.0,0.0,0.0,85.92444243189881,21.9,58.259781943020116,0.0,,,0.3,synthetic_vegetative,ok,independent_synthetic_two_layer_bridge_only
2026-05-07T21:00:00Z,SYNTHETIC_TWO_LAYER_SITE,ZONE_01,B04,identification,15,10.0,0.21782593908577846,0.22105616961474536,0.0,0.0,0.0,85.92444243189881,21.9,58.411548524381104,0.0,,,0.3,synthetic_vegetative,ok,independent_synthetic_two_layer_bridge_only
2026-05-07T21:15:00Z,SYNTHETIC_TWO_LAYER_SITE,ZONE_01,B04,identification,15,10.0,0.21698792980164522,0.21962627676247992,0.0,0.0,0.0,85.92444243189881,21.9,58.62407766332112,0.0,,,0.3,synthetic_vegetative,ok,independent_synthetic_two_layer_bridge_only
2026-05-07T21:30:00Z,SYNTHETIC_TWO_LAYER_SITE,ZONE_01,B04,identification,15,10.0,0.21880776712693148,0.2200090283572573,0.0,0.0,0.0,85.92444243189881,21.9,58.89645927743914,0.0,,,0.3,synthetic_vegetative,ok,independent_synthetic_two_layer_bridge_only
2026-05-07T21:45:00Z,SYNTHETIC_TWO_LAYER_SITE,ZONE_01,B04,identification,15,10.0,0.2185602353121628,0.2195571327091859,0.0,0.0,0.0,85.92444243189881,21.9,59.227526986846726,0.0,,,0.3,synthetic_vegetative,ok,independent_synthetic_two_layer_bridge_only
2026-05-07T22:00:00Z,SYNTHETIC_TWO_LAYER_SITE,ZONE_01,B04,identification,15,10.0,0.21840622449187264,0.22000477048418668,0.0,0.0,0.0,85.92444243189881,21.9,59.615863108785746,0.0,,,0.3,synthetic_vegetative,ok,independent_synthetic_two_layer_bridge_only
2026-05-07T22:15:00Z,SYNTHETIC_TWO_LAYER_SITE,ZONE_01,B04,identification,15,10.0,0.21722091304536584,0.2199122199345614,0.0,0.0,0.0,85.92444243189881,21.9,60.05980472836363,0.0,,,0.3,synthetic_vegetative,ok,independent_synthetic_two_layer_bridge_only
2026-05-07T22:30:00Z,SYNTHETIC_TWO_LAYER_SITE,ZONE_01,B04,identification,15,10.0,0.2181983293679388,0.21917721994417552,0.0,0.0,0.0,85.92444243189881,21.9,60.55745081941018,0.0,,,0.3,synthetic_vegetative,ok,independent_synthetic_two_layer_bridge_only
2026-05-07T22:45:00Z,SYNTHETIC_TWO_LAYER_SITE,ZONE_01,B04,identification,15,10.0,0.21739152503811884,0.2189114428054343,0.0,0.0,0.0,85.92444243189881,21.9,61.106670384963515,0.0,,,0.3,synthetic_vegetative,ok,independent_synthetic_two_layer_bridge_only
2026-05-07T23:00:00Z,SYNTHETIC_TWO_LAYER_SITE,ZONE_01,B04,identification,15,10.0,0.21788166966235725,0.2193237229862188,0.0,0.0,0.0,85.92444243189881,21.9,61.70511158252619,0.0,,,0.3,synthetic_vegetative,ok,independent_synthetic_two_layer_bridge_only
2026-05-07T23:15:00Z,SYNTHETIC_TWO_LAYER_SITE,ZONE_01,B04,identification,15,10.0,0.2178161599342552,0.21923118241466313,0.0,0.0,0.0,85.92444243189881,21.9,62.35021179501592,0.0,,,0.3,synthetic_vegetative,ok,independent_synthetic_two_layer_bridge_only
2026-05-07T23:30:00Z,SYNTHETIC_TWO_LAYER_SITE,ZONE_01,B04,identification,15,10.0,0.21749298224271907,0.21921612690130862,0.0,0.0,0.0,85.92444243189881,21.9,63.039208604285236,0.0,,,0.3,synthetic_vegetative,ok,independent_synthetic_two_layer_bridge_only
2026-05-07T23:45:00Z,SYNTHETIC_TWO_LAYER_SITE,ZONE_01,B04,identification,15,10.0,0.21741795886290644,0.21866893898700315,0.0,0.0,0.0,85.92444243189881,21.9,63.76915162022011,0.0,,,0.3,synthetic_vegetative,ok,independent_synthetic_two_layer_bridge_only
2026-05-08T00:00:00Z,SYNTHETIC_TWO_LAYER_SITE,ZONE_01,B04,identification,15,10.0,0.2161522446913403,0.21872355798755533,0.0,0.0,0.0,85.92444243189881,21.9,64.5369151147634,0.0,0.21730526893326732,0.21868787106795398,0.3,synthetic_vegetative,ok,independent_synthetic_two_layer_bridge_only
2026-05-09T00:00:00Z,SYNTHETIC_TWO_LAYER_SITE,ZONE_01,B05,identification,15,10.0,0.22481249127067734,0.19487749059591075,0.0,0.0,0.0,0.0,20.1,73.52534551118485,0.0,0.225,0.195,0.3,synthetic_vegetative,ok,independent_synthetic_two_layer_bridge_only
2026-05-09T00:15:00Z,SYNTHETIC_TWO_LAYER_SITE,ZONE_01,B05,identification,15,10.0,0.22315334301859918,0.19603017189729013,0.0,0.0,0.0,0.0,20.1,74.53776293043533,0.0,,,0.3,synthetic_vegetative,ok,independent_synthetic_two_layer_bridge_only
2026-05-09T00:30:00Z,SYNTHETIC_TWO_LAYER_SITE,ZONE_01,B05,identification,15,10.0,0.22159702516487023,0.19728403620552257,0.0,0.0,0.0,0.0,20.1,75.52817152625158,0.0,,,0.3,synthetic_vegetative,ok,independent_synthetic_two_layer_bridge_only
2026-05-09T00:45:00Z,SYNTHETIC_TWO_LAYER_SITE,ZONE_01,B05,identification,15,10.0,0.22094888521619777,0.19827368832836686,0.0,0.0,0.0,0.0,20.1,76.49233021697603,0.0,,,0.3,synthetic_vegetative,ok,independent_synthetic_two_layer_bridge_only
2026-05-09T01:00:00Z,SYNTHETIC_TWO_LAYER_SITE,ZONE_01,B05,identification,15,10.0,0.21947632354239113,0.19879645422958395,0.0,0.0,0.0,0.0,20.1,77.42611032707465,0.0,,,0.3,synthetic_vegetative,ok,independent_synthetic_two_layer_bridge_only
2026-05-09T01:15:00Z,SYNTHETIC_TWO_LAYER_SITE,ZONE_01,B05,identification,15,10.0,0.22384302426586147,0.19952652244311453,1.0,0.8717053872849199,0.5811369248566133,8.717053872849199,20.1,78.3255132667595,0.0,,,0.3,synthetic_vegetative,ok,independent_synthetic_two_layer_bridge_only
2026-05-09T01:30:00Z,SYNTHETIC_TWO_LAYER_SITE,ZONE_01,B05,identification,15,10.0,0.2286106488934114,0.2011268508287997,1.0,0.8616821989650888,0.5744547993100592,17.333875862500086,20.1,79.18668765456395,0.0,,,0.3,synthetic_vegetative,ok,independent_synthetic_two_layer_bridge_only
2026-05-09T01:45:00Z,SYNTHETIC_TWO_LAYER_SITE,ZONE_01,B05,identification,15,10.0,0.2339389547611634,0.20170393910936946,1.0,0.871809054955716,0.5812060366371441,26.051966412057247,20.1,80.00594580954957,0.0,,,0.3,synthetic_vegetative,ok,independent_synthetic_two_layer_bridge_only
2026-05-09T02:00:00Z,SYNTHETIC_TWO_LAYER_SITE,ZONE_01,B05,identification,15,10.0,0.23834702529642995,0.20430537683898328,1.0,0.8600089991131233,0.5733393327420822,34.65205640318848,20.1,80.7797795425219,0.0,,,0.3,synthetic_vegetative,ok,independent_synthetic_two_layer_bridge_only
2026-05-09T02:15:00Z,SYNTHETIC_TWO_LAYER_SITE,ZONE_01,B05,identification,15,10.0,0.2431023290138774,0.20461282088121877,1.0,0.8529584543420105,0.5686389695613403,43.18164094660859,20.1,81.50487517863519,0.0,,,0.3,synthetic_vegetative,ok,independent_synthetic_two_layer_bridge_only
2026-05-09T02:30:00Z,SYNTHETIC_TWO_LAYER_SITE,ZONE_01,B05,identification,15,10.0,0.24719131923862095,0.20808787769601583,1.0,0.8553071725125944,0.5702047816750629,51.734712671734535,20.1,82.17812774705695,0.0,,,0.3,synthetic_vegetative,ok,independent_synthetic_two_layer_bridge_only
2026-05-09T02:45:00Z,SYNTHETIC_TWO_LAYER_SITE,ZONE_01,B05,identification,15,10.0,0.2516702991119302,0.2095970436296186,1.0,0.8672686996796558,0.5781791331197705,60.40739966853109,20.1,82.79665427692959,0.0,,,0.3,synthetic_vegetative,ok,independent_synthetic_two_layer_bridge_only
2026-05-09T03:00:00Z,SYNTHETIC_TWO_LAYER_SITE,ZONE_01,B05,identification,15,10.0,0.2540178507980656,0.21073148979764406,1.0,0.8384980259489758,0.5589986839659838,68.79237992802085,20.1,83.35780614269423,0.0,,,0.3,synthetic_vegetative,ok,independent_synthetic_two_layer_bridge_only
2026-05-09T03:15:00Z,SYNTHETIC_TWO_LAYER_SITE,ZONE_01,B05,identification,15,10.0,0.25947738401177833,0.21341426848712813,1.0,0.8533132628358364,0.5688755085572244,77.32551255637921,20.1,83.85918040591208,0.0,,,0.3,synthetic_vegetative,ok,independent_synthetic_two_layer_bridge_only
2026-05-09T03:30:00Z,SYNTHETIC_TWO_LAYER_SITE,ZONE_01,B05,identification,15,10.0,0.261950406012075,0.21511247109304182,1.0,0.8515996344397672,0.5677330896265114,85.84150890077689,20.1,84.29863010501568,0.0,,,0.3,synthetic_vegetative,ok,independent_synthetic_two_layer_bridge_only
2026-05-09T03:45:00Z,SYNTHETIC_TWO_LAYER_SITE,ZONE_01,B05,identification,15,10.0,0.26599265938593375,0.2176185613102945,1.0,0.8497390644635936,0.5664927096423956,94.33889954541283,20.1,84.6742734489279,0.0,,,0.3,synthetic_vegetative,ok,independent_synthetic_two_layer_bridge_only
2026-05-09T04:00:00Z,SYNTHETIC_TWO_LAYER_SITE,ZONE_01,B05,identification,15,10.0,0.27033920203159284,0.2193514008681223,1.0,0.8693858288455607,0.5795905525637071,103.03275783386843,20.1,84.98450187518033,0.0,,,0.3,synthetic_vegetative,ok,independent_synthetic_two_layer_bridge_only
2026-05-09T04:15:00Z,SYNTHETIC_TWO_LAYER_SITE,ZONE_01,B05,identification,15,10.0,0.267274615260041,0.22233881936001199,0.0,0.0,0.0,103.03275783386843,20.1,85.22798693802459,0.0,,,0.3,synthetic_vegetative,ok,independent_synthetic_two_layer_bridge_only
2026-05-09T04:30:00Z,SYNTHETIC_TWO_LAYER_SITE,ZONE_01,B05,identification,15,10.0,0.265233498451473,0.22273706015365063,0.0,0.0,0.0,103.03275783386843,20.1,85.40368599704107,0.0,,,0.3,synthetic_vegetative,ok,independent_synthetic_two_layer_bridge_only
2026-05-09T04:45:00Z,SYNTHETIC_TWO_LAYER_SITE,ZONE_01,B05,identification,15,10.0,0.26303476231489187,0.22533146427905154,0.0,0.0,0.0,103.03275783386843,20.1,85.51084668188527,0.0,,,0.3,synthetic_vegetative,ok,independent_synthetic_two_layer_bridge_only
2026-05-09T05:00:00Z,SYNTHETIC_TWO_LAYER_SITE,ZONE_01,B05,identification,15,10.0,0.2596445353626107,0.2278616112584305,0.0,0.0,0.0,103.03275783386843,20.1,85.54901011405308,0.0,,,0.3,synthetic_vegetative,ok,independent_synthetic_two_layer_bridge_only
2026-05-09T05:15:00Z,SYNTHETIC_TWO_LAYER_SITE,ZONE_01,B05,identification,15,10.0,0.25758092479313793,0.2280953823709243,0.0,0.0,0.0,103.03275783386843,20.1,85.51801287186898,0.0,,,0.3,synthetic_vegetative,ok,independent_synthetic_two_layer_bridge_only
2026-05-09T05:30:00Z,SYNTHETIC_TWO_LAYER_SITE,ZONE_01,B05,identification,15,10.0,0.25556124428654375,0.22902533473993444,0.0,0.0,0.0,103.03275783386843,20.1,85.4179876902828,0.0,,,0.3,synthetic_vegetative,ok,independent_synthetic_two_layer_bridge_only
2026-05-09T05:45:00Z,SYNTHETIC_TWO_LAYER_SITE,ZONE_01,B05,identification,15,10.0,0.255260507536204,0.23052728510435724,0.0,0.0,0.0,103.03275783386843,20.1,85.24936289247825,0.0,,,0.3,synthetic_vegetative,ok,independent_synthetic_two_layer_bridge_only
2026-05-09T06:00:00Z,SYNTHETIC_TWO_LAYER_SITE,ZONE_01,B05,identification,15,10.0,0.2537445628736599,0.23102234987805634,0.0,0.0,0.0,103.03275783386843,20.1,85.01286055572724,0.0,,,0.3,synthetic_vegetative,ok,independent_synthetic_two_layer_bridge_only
2026-05-09T06:15:00Z,SYNTHETIC_TWO_LAYER_SITE,ZONE_01,B05,identification,15,10.0,0.2507226441370422,0.23255408277402914,0.0,0.0,0.0,103.03275783386843,20.557821904611004,84.4600946303887,34.00910166793506,,,0.3,synthetic_vegetative,ok,independent_synthetic_two_layer_bridge_only
2026-05-09T06:30:00Z,SYNTHETIC_TWO_LAYER_SITE,ZONE_01,B05,identification,15,10.0,0.2497872833532075,0.23207807370016034,0.0,0.0,0.0,103.03275783386843,21.01368334554036,83.88708187750422,67.59028055881636,,,0.3,synthetic_vegetative,ok,independent_synthetic_two_layer_bridge_only
2026-05-09T06:45:00Z,SYNTHETIC_TWO_LAYER_SITE,ZONE_01,B05,identification,15,10.0,0.24834164557180677,0.23337970850175788,0.0,0.0,0.0,103.03275783386843,21.4656322541129,83.29865369784028,99.87130409002546,,,0.3,synthetic_vegetative,ok,independent_synthetic_two_layer_bridge_only
2026-05-09T07:00:00Z,SYNTHETIC_TWO_LAYER_SITE,ZONE_01,B05,identification,15,10.0,0.2474705866175043,0.23309364434903218,0.0,0.0,0.0,103.03275783386843,21.911733315717647,82.69895601579505,130.06077361191774,,,0.3,synthetic_vegetative,ok,independent_synthetic_two_layer_bridge_only
2026-05-09T07:15:00Z,SYNTHETIC_TWO_LAYER_SITE,ZONE_01,B05,identification,15,10.0,0.24634716261465148,0.2344809597198614,0.0,0.0,0.0,103.03275783386843,22.350076257122133,82.09146674971286,157.503042223096,,,0.3,synthetic_vegetative,ok,independent_synthetic_two_layer_bridge_only
2026-05-09T07:30:00Z,SYNTHETIC_TWO_LAYER_SITE,ZONE_01,B05,identification,15,10.0,0.2451664857249158,0.23511852557407464,0.0,0.0,0.0,103.03275783386843,22.77878402655563,81.47902504068541,181.72334149892302,,,0.3,synthetic_vegetative,ok,independent_synthetic_two_layer_bridge_only
2026-05-09T07:45:00Z,SYNTHETIC_TWO_LAYER_SITE,ZONE_01,B05,identification,15,10.0,0.24396592245348162,0.23515056828792788,0.0,0.0,0.0,103.03275783386843,23.196020831533012,80.86386954792637,202.45981111741966,,,0.3,synthetic_vegetative,ok,independent_synthetic_two_layer_bridge_only
2026-05-09T08:00:00Z,SYNTHETIC_TWO_LAYER_SITE,ZONE_01,B05,identification,15,10.0,0.24316597880056323,0.23469655548766716,0.0,0.0,0.0,103.03275783386843,23.6,80.2476833455351,219.68006654070246,,,0.3,synthetic_vegetative,ok,independent_synthetic_two_layer_bridge_only
2026-05-09T08:15:00Z,SYNTHETIC_TWO_LAYER_SITE,ZONE_01,B05,identification,15,10.0,0.24292622871027938,0.2359066946918952,0.0,0.0,0.0,103.03275783386843,23.988991631137218,79.63164323329113,233.58105199262886,,,0.3,synthetic_vegetative,ok,independent_synthetic_two_layer_bridge_only
2026-05-09T08:30:00Z,SYNTHETIC_TWO_LAYER_SITE,ZONE_01,B05,identification,15,10.0,0.242661305160389,0.23631808670464427,0.0,0.0,0.0,103.03275783386843,24.361330003061045,79.01647158041963,244.572129344872,,,0.3,synthetic_vegetative,ok,independent_synthetic_two_layer_bridge_only
2026-05-09T08:45:00Z,SYNTHETIC_TWO_LAYER_SITE,ZONE_01,B05,identification,15,10.0,0.24166484231180954,0.23605540160771196,0.0,0.0,0.0,103.03275783386843,24.71542070570048,78.40248913708147,253.24256200563494,,,0.3,synthetic_vegetative,ok,independent_synthetic_two_layer_bridge_only
2026-05-09T09:00:00Z,SYNTHETIC_TWO_LAYER_SITE,ZONE_01,B05,identification,15,10.0,0.24004991390144712,0.2371235738666447,0.0,0.0,0.0,103.03275783386843,25.04974746830583,77.7896675585693,260.3156799221404,,,0.3,synthetic_vegetative,ok,independent_synthetic_two_layer_bridge_only
2026-05-09T09:15:00Z,SYNTHETIC_TWO_LAYER_SITE,ZONE_01,B05,identification,15,10.0,0.23949155078775472,0.2356989374263889,0.0,0.0,0.0,103.03275783386843,25.362878652352844,77.1776806804846,266.5929765787253,,,0.3,synthetic_vegetative,ok,independent_synthetic_two_layer_bridge_only
2026-05-09T09:30:00Z,SYNTHETIC_TWO_LAYER_SITE,ZONE_01,B05,identification,15,10.0,0.23907402942595693,0.23617508104562035,0.0,0.0,0.0,103.03275783386843,25.653473382038648,76.56595385160865,272.89212218755006,,,0.3,synthetic_vegetative,ok,independent_synthetic_two_layer_bridge_only
2026-05-09T09:45:00Z,SYNTHETIC_TWO_LAYER_SITE,ZONE_01,B05,identification,15,10.0,0.23877043243624604,0.2364848813807466,0.0,0.0,0.0,103.03275783386843,25.92028728611782,75.95371086982622,279.98332644239514,,,0.3,synthetic_vegetative,ok,independent_synthetic_two_layer_bridge_only
2026-05-09T10:00:00Z,SYNTHETIC_TWO_LAYER_SITE,ZONE_01,B05,identification,15,10.0,0.23810923812328086,0.23557560107076503,0.0,0.0,0.0,103.03275783386843,26.16217782649107,75.3400182728383,288.52861684512067,,,0.3,synthetic_vegetative,ok,independent_synthetic_two_layer_bridge_only
2026-05-09T10:15:00Z,SYNTHETIC_TWO_LAYER_SITE,ZONE_01,B05,identification,15,10.0,0.23738797950713542,0.23511562505363348,0.0,0.0,0.0,103.03275783386843,26.37810919072882,74.72382690897301,299.02840494066004,,,0.3,synthetic_vegetative,ok,independent_synthetic_two_layer_bridge_only
2026-05-09T10:30:00Z,SYNTHETIC_TWO_LAYER_SITE,ZONE_01,B05,identification,15,10.0,0.23688261577223027,0.23611545149061375,0.0,0.0,0.0,103.03275783386843,26.567156727579007,74.10401085505262,311.7792063501561,,,0.3,synthetic_vegetative,ok,independent_synthetic_two_layer_bridge_only
2026-05-09T10:45:00Z,SYNTHETIC_TWO_LAYER_SITE,ZONE_01,B05,identification,15,10.0,0.23567415692600963,0.2355647281190005,0.0,0.0,0.0,103.03275783386843,26.72851090646574,73.47940385985521,326.8455971700871,,,0.3,synthetic_vegetative,ok,independent_synthetic_two_layer_bridge_only
2026-05-09T11:00:00Z,SYNTHETIC_TWO_LAYER_SITE,ZONE_01,B05,identification,15,10.0,0.23547128630579156,0.23606927940544875,0.0,0.0,0.0,103.03275783386843,26.861480784023477,72.84883357564115,344.04848480212536,,,0.3,synthetic_vegetative,ok,independent_synthetic_two_layer_bridge_only
2026-05-09T11:15:00Z,SYNTHETIC_TWO_LAYER_SITE,ZONE_01,B05,identification,15,10.0,0.2344500238835963,0.2345192110350976,0.0,0.0,0.0,103.03275783386843,26.965496962822613,72.21115389916484,362.97061711052925,,,0.3,synthetic_vegetative,ok,independent_synthetic_two_layer_bridge_only
2026-05-09T11:30:00Z,SYNTHETIC_TWO_LAYER_SITE,ZONE_01,B05,identification,15,10.0,0.23369391443365065,0.23472782049846497,0.0,0.0,0.0,103.03275783386843,27.040114029616674,71.56527578021159,382.97903220422216,,,0.3,synthetic_vegetative,ok,independent_synthetic_two_layer_bridge_only
2026-05-09T11:45:00Z,SYNTHETIC_TWO_LAYER_SITE,ZONE_01,B05,identification,15,10.0,0.2346762201296589,0.23549867622446083,0.0,0.0,0.0,103.03275783386843,27.085012462670225,70.91019687243758,403.2629491870554,,,0.3,synthetic_vegetative,ok,independent_synthetic_two_layer_bridge_only
2026-05-09T12:00:00Z,SYNTHETIC_TWO_LAYER_SITE,ZONE_01,B05,identification,15,10.0,0.23286863660782534,0.23469731082025713,0.0,0.0,0.0,103.03275783386843,27.1,70.24503040025509,422.8845036156756,,,0.3,synthetic_vegetative,ok,independent_synthetic_two_layer_bridge_only
2026-05-09T12:15:00Z,SYNTHETIC_TWO_LAYER_SITE,ZONE_01,B05,identification,15,10.0,0.23191667257974413,0.2340964121033656,0.0,0.0,0.0,103.03275783386843,27.085012462670225,69.56903359838739,440.83881835831136,,,0.3,synthetic_vegetative,ok,independent_synthetic_two_layer_bridge_only
2026-05-09T12:30:00Z,SYNTHETIC_TWO_LAYER_SITE,ZONE_01,B05,identification,15,10.0,0.2318557565374804,0.23503194691393856,0.0,0.0,0.0,103.03275783386843,27.040114029616674,68.88163604875189,456.1192361867625,,,0.3,synthetic_vegetative,ok,independent_synthetic_two_layer_bridge_only
2026-05-09T12:45:00Z,SYNTHETIC_TWO_LAYER_SITE,ZONE_01,B05,identification,15,10.0,0.23102703471275743,0.23442332895914259,0.0,0.0,0.0,103.03275783386843,26.965496962822613,68.18246819330149,467.78317215196955,,,0.3,synthetic_vegetative,ok,independent_synthetic_two_layer_bridge_only
2026-05-09T13:00:00Z,SYNTHETIC_TWO_LAYER_SITE,ZONE_01,B05,identification,15,10.0,0.23055534870729608,0.23374469161841696,0.0,0.0,0.0,103.03275783386843,26.861480784023477,67.47139024172624,475.0139978662742,,,0.3,synthetic_vegetative,ok,independent_synthetic_two_layer_bridge_only
2026-05-09T13:15:00Z,SYNTHETIC_TWO_LAYER_SITE,ZONE_01,B05,identification,15,10.0,0.2290388649468814,0.23359340832125972,0.0,0.0,0.0,103.03275783386843,26.728510906465743,66.74852161951404,477.17464952316186,,,0.3,synthetic_vegetative,ok,independent_synthetic_two_layer_bridge_only
2026-05-09T13:30:00Z,SYNTHETIC_TWO_LAYER_SITE,ZONE_01,B05,identification,15,10.0,0.22888706878619533,0.23244351016481618,0.0,0.0,0.0,103.03275783386843,26.56715672757901,66.01427101454955,473.8492368786675,,,0.3,synthetic_vegetative,ok,independent_synthetic_two_layer_bridge_only
2026-05-09T13:45:00Z,SYNTHETIC_TWO_LAYER_SITE,ZONE_01,B05,identification,15,10.0,0.22898534475590054,0.23192055850371812,0.0,0.0,0.0,103.03275783386843,26.37810919072882,65.26936697884022,464.8697797440091,,,0.3,synthetic_vegetative,ok,independent_synthetic_two_layer_bridge_only
2026-05-09T14:00:00Z,SYNTHETIC_TWO_LAYER_SITE,ZONE_01,B05,identification,15,10.0,0.22803178853039424,0.23093749915683406,0.0,0.0,0.0,103.03275783386843,26.162177826491074,64.51488892575313,450.32625122079446,,,0.3,synthetic_vegetative,ok,independent_synthetic_two_layer_bridge_only
2026-05-09T14:15:00Z,SYNTHETIC_TWO_LAYER_SITE,ZONE_01,B05,identification,15,10.0,0.22757970172298955,0.23146017325631385,0.0,0.0,0.0,103.03275783386843,25.92028728611782,63.752298232199436,430.5592878777468,,,0.3,synthetic_vegetative,ok,independent_synthetic_two_layer_bridge_only
2026-05-09T14:30:00Z,SYNTHETIC_TWO_LAYER_SITE,ZONE_01,B05,identification,15,10.0,0.22766624920207876,0.23060426098001843,0.0,0.0,0.0,103.03275783386843,25.653473382038648,62.98346900979277,406.13615211785407,,,0.3,synthetic_vegetative,ok,independent_synthetic_two_layer_bridge_only
2026-05-09T14:45:00Z,SYNTHETIC_TWO_LAYER_SITE,ZONE_01,B05,identification,15,10.0,0.22695839295046166,0.2308529063435344,0.0,0.0,0.0,103.03275783386843,25.362878652352844,62.21071795006541,377.8117137949318,,,0.3,synthetic_vegetative,ok,independent_synthetic_two_layer_bridge_only
2026-05-09T15:00:00Z,SYNTHETIC_TWO_LAYER_SITE,ZONE_01,B05,identification,15,10.0,0.22612075334146375,0.2310490577612131,0.0,0.0,0.0,103.03275783386843,25.049747468305835,61.4368324781847,346.4772725042449,,,0.3,synthetic_vegetative,ok,independent_synthetic_two_layer_bridge_only
2026-05-09T15:15:00Z,SYNTHETIC_TWO_LAYER_SITE,ZONE_01,B05,identification,15,10.0,0.2259756341468716,0.23071352541227447,0.0,0.0,0.0,103.03275783386843,24.715420705700485,60.66509627027622,313.10089381921705,,,0.3,synthetic_vegetative,ok,independent_synthetic_two_layer_bridge_only
2026-05-09T15:30:00Z,SYNTHETIC_TWO_LAYER_SITE,ZONE_01,B05,identification,15,10.0,0.22598367035772896,0.22984725850443072,0.0,0.0,0.0,103.03275783386843,24.36133000306105,59.89931100587428,278.66352149237287,,,0.3,synthetic_vegetative,ok,independent_synthetic_two_layer_bridge_only
2026-05-09T15:45:00Z,SYNTHETIC_TWO_LAYER_SITE,ZONE_01,B05,identification,15,10.0,0.2255037954974413,0.22965577938590956,0.0,0.0,0.0,103.03275783386843,23.988991631137218,59.14381304531668,244.0954115155598,,,0.3,synthetic_vegetative,ok,independent_synthetic_two_layer_bridge_only
2026-05-09T16:00:00Z,SYNTHETIC_TWO_LAYER_SITE,ZONE_01,B05,identification,15,10.0,0.2253387419034684,0.22882908553241943,0.0,0.0,0.0,103.03275783386843,23.6,58.40348355010565,210.21739296855685,,,0.3,synthetic_vegetative,ok,independent_synthetic_two_layer_bridge_only
2026-05-09T16:15:00Z,SYNTHETIC_TWO_LAYER_SITE,ZONE_01,B05,identification,15,10.0,0.2247197165911038,0.22950162109740213,0.0,0.0,0.0,103.03275783386843,23.196020831533012,57.68375041241689,177.6910980187383,,,0.3,synthetic_vegetative,ok,independent_synthetic_two_layer_bridge_only
2026-05-09T16:30:00Z,SYNTHETIC_TWO_LAYER_SITE,ZONE_01,B05,identification,15,10.0,0.22492584971101967,0.22971917744300818,0.0,0.0,0.0,103.03275783386843,22.77878402655563,56.990580240142286,146.98164548831966,,,0.3,synthetic_vegetative,ok,independent_synthetic_two_layer_bridge_only
2026-05-09T16:45:00Z,SYNTHETIC_TWO_LAYER_SITE,ZONE_01,B05,identification,15,10.0,0.22563784830721378,0.22838496160707814,0.0,0.0,0.0,103.03275783386843,22.350076257122133,56.33045857007806,118.3353563994837,,,0.3,synthetic_vegetative,ok,independent_synthetic_two_layer_bridge_only
2026-05-09T17:00:00Z,SYNTHETIC_TWO_LAYER_SITE,ZONE_01,B05,identification,15,10.0,0.22521928103547809,0.22732536141964807,0.0,0.0,0.0,103.03275783386843,21.911733315717647,55.71035646966009,91.77399087248214,,,0.3,synthetic_vegetative,ok,independent_synthetic_two_layer_bridge_only
2026-05-09T17:15:00Z,SYNTHETIC_TWO_LAYER_SITE,ZONE_01,B05,identification,15,10.0,0.22524371869997478,0.2285096602280708,0.0,0.0,0.0,103.03275783386843,21.465632254112897,55.13768175351136,67.10580177766712,,,0.3,synthetic_vegetative,ok,independent_synthetic_two_layer_bridge_only
2026-05-09T17:30:00Z,SYNTHETIC_TWO_LAYER_SITE,ZONE_01,B05,identification,15,10.0,0.22427776499343371,0.22794965512012694,0.0,0.0,0.0,103.03275783386843,21.013683345540365,54.62021320162519,43.952487192438745,,,0.3,synthetic_vegetative,ok,independent_synthetic_two_layer_bridge_only
2026-05-09T17:45:00Z,SYNTHETIC_TWO_LAYER_SITE,ZONE_01,B05,identification,15,10.0,0.22538990345969026,0.22676333115586203,0.0,0.0,0.0,103.03275783386843,20.557821904611004,54.166016436843734,21.789977905559166,,,0.3,synthetic_vegetative,ok,independent_synthetic_two_layer_bridge_only
2026-05-09T18:00:00Z,SYNTHETIC_TWO_LAYER_SITE,ZONE_01,B05,identification,15,10.0,0.22522319148906136,0.22815883450242208,0.0,0.0,0.0,103.03275783386843,20.1,53.78334051350521,4.083123078742502e-14,,,0.3,synthetic_vegetative,ok,independent_synthetic_two_layer_bridge_only
2026-05-09T18:15:00Z,SYNTHETIC_TWO_LAYER_SITE,ZONE_01,B05,identification,15,10.0,0.224239038279612,0.2279675468084134,0.0,0.0,0.0,103.03275783386843,20.1,54.08670764988817,0.0,,,0.3,synthetic_vegetative,ok,independent_synthetic_two_layer_bridge_only
2026-05-09T18:30:00Z,SYNTHETIC_TWO_LAYER_SITE,ZONE_01,B05,identification,15,10.0,0.2247320010987848,0.22767823310379087,0.0,0.0,0.0,103.03275783386843,20.1,54.455640521251325,0.0,,,0.3,synthetic_vegetative,ok,independent_synthetic_two_layer_bridge_only
2026-05-09T18:45:00Z,SYNTHETIC_TWO_LAYER_SITE,ZONE_01,B05,identification,15,10.0,0.2247834232520889,0.22773685414054742,0.0,0.0,0.0,103.03275783386843,20.1,54.88855930039993,0.0,,,0.3,synthetic_vegetative,ok,independent_synthetic_two_layer_bridge_only
2026-05-09T19:00:00Z,SYNTHETIC_TWO_LAYER_SITE,ZONE_01,B05,identification,15,10.0,0.22514154644970374,0.2272726503495184,0.0,0.0,0.0,103.03275783386843,20.1,55.38361016265873,0.0,,,0.3,synthetic_vegetative,ok,independent_synthetic_two_layer_bridge_only
2026-05-09T19:15:00Z,SYNTHETIC_TWO_LAYER_SITE,ZONE_01,B05,identification,15,10.0,0.2254241985084213,0.22692777326795244,0.0,0.0,0.0,103.03275783386843,20.1,55.93867322423396,0.0,,,0.3,synthetic_vegetative,ok,independent_synthetic_two_layer_bridge_only
2026-05-09T19:30:00Z,SYNTHETIC_TWO_LAYER_SITE,ZONE_01,B05,identification,15,10.0,0.22510760093921792,0.22729165126079906,0.0,0.0,0.0,103.03275783386843,20.1,56.55137161988111,0.0,,,0.3,synthetic_vegetative,ok,independent_synthetic_two_layer_bridge_only
2026-05-09T19:45:00Z,SYNTHETIC_TWO_LAYER_SITE,ZONE_01,B05,identification,15,10.0,0.22470183659797247,0.2270371775530247,0.0,0.0,0.0,103.03275783386843,20.1,57.219081681006855,0.0,,,0.3,synthetic_vegetative,ok,independent_synthetic_two_layer_bridge_only
2026-05-09T20:00:00Z,SYNTHETIC_TWO_LAYER_SITE,ZONE_01,B05,identification,15,10.0,0.22455337393775984,0.22671861834299675,0.0,0.0,0.0,103.03275783386843,20.1,57.93894417062076,0.0,,,0.3,synthetic_vegetative,ok,independent_synthetic_two_layer_bridge_only
2026-05-09T20:15:00Z,SYNTHETIC_TWO_LAYER_SITE,ZONE_01,B05,identification,15,10.0,0.22389321167236964,0.22652859354217172,0.0,0.0,0.0,103.03275783386843,20.1,58.70787652702698,0.0,,,0.3,synthetic_vegetative,ok,independent_synthetic_two_layer_bridge_only
2026-05-09T20:30:00Z,SYNTHETIC_TWO_LAYER_SITE,ZONE_01,B05,identification,15,10.0,0.22489194314553798,0.2257793162543737,0.0,0.0,0.0,103.03275783386843,20.1,59.52258606382672,0.0,,,0.3,synthetic_vegetative,ok,independent_synthetic_two_layer_bridge_only
2026-05-09T20:45:00Z,SYNTHETIC_TWO_LAYER_SITE,ZONE_01,B05,identification,15,10.0,0.22466204136635315,0.22552624248152212,0.0,0.0,0.0,103.03275783386843,20.1,60.37958406970701,0.0,,,0.3,synthetic_vegetative,ok,independent_synthetic_two_layer_bridge_only
2026-05-09T21:00:00Z,SYNTHETIC_TWO_LAYER_SITE,ZONE_01,B05,identification,15,10.0,0.22419863434289045,0.2267260497001636,0.0,0.0,0.0,103.03275783386843,20.1,61.27520074763781,0.0,,,0.3,synthetic_vegetative,ok,independent_synthetic_two_layer_bridge_only
2026-05-09T21:15:00Z,SYNTHETIC_TWO_LAYER_SITE,ZONE_01,B05,identification,15,10.0,0.22405937595135442,0.22550416571750842,0.0,0.0,0.0,103.03275783386843,20.1,62.20560092950676,0.0,,,0.3,synthetic_vegetative,ok,independent_synthetic_two_layer_bridge_only
2026-05-09T21:30:00Z,SYNTHETIC_TWO_LAYER_SITE,ZONE_01,B05,identification,15,10.0,0.2248773357853017,0.22579962867947154,0.0,0.0,0.0,103.03275783386843,20.1,63.16680049889738,0.0,,,0.3,synthetic_vegetative,ok,independent_synthetic_two_layer_bridge_only
2026-05-09T21:45:00Z,SYNTHETIC_TWO_LAYER_SITE,ZONE_01,B05,identification,15,10.0,0.22508352851723298,0.22625220603032037,0.0,0.0,0.0,103.03275783386843,20.1,64.15468345168753,0.0,,,0.3,synthetic_vegetative,ok,independent_synthetic_two_layer_bridge_only
2026-05-09T22:00:00Z,SYNTHETIC_TWO_LAYER_SITE,ZONE_01,B05,identification,15,10.0,0.22311626316940084,0.22517760100891468,0.0,0.0,0.0,103.03275783386843,20.1,65.16501952141085,0.0,,,0.3,synthetic_vegetative,ok,independent_synthetic_two_layer_bridge_only
2026-05-09T22:15:00Z,SYNTHETIC_TWO_LAYER_SITE,ZONE_01,B05,identification,15,10.0,0.2234481890907544,0.22509563263011215,0.0,0.0,0.0,103.03275783386843,20.1,66.19348229390712,0.0,,,0.3,synthetic_vegetative,ok,independent_synthetic_two_layer_bridge_only
2026-05-09T22:30:00Z,SYNTHETIC_TWO_LAYER_SITE,ZONE_01,B05,identification,15,10.0,0.22392118221749424,0.22504449262682924,0.0,0.0,0.0,103.03275783386843,20.1,67.23566773369207,0.0,,,0.3,synthetic_vegetative,ok,independent_synthetic_two_layer_bridge_only
2026-05-09T22:45:00Z,SYNTHETIC_TWO_LAYER_SITE,ZONE_01,B05,identification,15,10.0,0.22296512202266935,0.22544159506148867,0.0,0.0,0.0,103.03275783386843,20.1,68.28711304271329,0.0,,,0.3,synthetic_vegetative,ok,independent_synthetic_two_layer_bridge_only
2026-05-09T23:00:00Z,SYNTHETIC_TWO_LAYER_SITE,ZONE_01,B05,identification,15,10.0,0.22355171072378988,0.22438688546102029,0.0,0.0,0.0,103.03275783386843,20.1,69.34331577073671,0.0,,,0.3,synthetic_vegetative,ok,independent_synthetic_two_layer_bridge_only
2026-05-09T23:15:00Z,SYNTHETIC_TWO_LAYER_SITE,ZONE_01,B05,identification,15,10.0,0.22224642105602324,0.22360123764231538,0.0,0.0,0.0,103.03275783386843,20.1,70.39975309552979,0.0,,,0.3,synthetic_vegetative,ok,independent_synthetic_two_layer_bridge_only
2026-05-09T23:30:00Z,SYNTHETIC_TWO_LAYER_SITE,ZONE_01,B05,identification,15,10.0,0.22396460289892592,0.2239983879290293,0.0,0.0,0.0,103.03275783386843,20.1,71.45190119028055,0.0,,,0.3,synthetic_vegetative,ok,independent_synthetic_two_layer_bridge_only
2026-05-09T23:45:00Z,SYNTHETIC_TWO_LAYER_SITE,ZONE_01,B05,identification,15,10.0,0.22366158564175218,0.22447847874508572,0.0,0.0,0.0,103.03275783386843,20.1,72.49525459531854,0.0,,,0.3,synthetic_vegetative,ok,independent_synthetic_two_layer_bridge_only
2026-05-10T00:00:00Z,SYNTHETIC_TWO_LAYER_SITE,ZONE_01,B05,identification,15,10.0,0.22338023673952306,0.22317290615245547,0.0,0.0,0.0,103.03275783386843,20.1,73.52534551118485,0.0,0.22323990670987384,0.22412330897449304,0.3,synthetic_vegetative,ok,independent_synthetic_two_layer_bridge_only
2026-05-11T00:00:00Z,SYNTHETIC_TWO_LAYER_SITE,ZONE_01,B06,identification,15,10.0,0.197524823041322,0.21249639991672864,0.0,0.0,0.0,0.0,20.7,84.44000747606242,0.0,0.198,0.212,0.3,synthetic_vegetative,ok,independent_synthetic_two_layer_bridge_only
2026-05-11T00:15:00Z,SYNTHETIC_TWO_LAYER_SITE,ZONE_01,B06,identification,15,10.0,0.197305989373102,0.211733687789423,0.0,0.0,0.0,0.0,20.7,84.86426875262308,0.0,,,0.3,synthetic_vegetative,ok,independent_synthetic_two_layer_bridge_only
2026-05-11T00:30:00Z,SYNTHETIC_TWO_LAYER_SITE,ZONE_01,B06,identification,15,10.0,0.19882379632014466,0.21144572114950821,0.0,0.0,0.0,0.0,20.7,85.22706482639539,0.0,,,0.3,synthetic_vegetative,ok,independent_synthetic_two_layer_bridge_only
2026-05-11T00:45:00Z,SYNTHETIC_TWO_LAYER_SITE,ZONE_01,B06,identification,15,10.0,0.19981775745674807,0.2099342964904974,0.0,0.0,0.0,0.0,20.7,85.52684214889406,0.0,,,0.3,synthetic_vegetative,ok,independent_synthetic_two_layer_bridge_only
2026-05-11T01:00:00Z,SYNTHETIC_TWO_LAYER_SITE,ZONE_01,B06,identification,15,10.0,0.19986503250640356,0.20920781822550977,0.0,0.0,0.0,0.0,20.7,85.76231702760143,0.0,,,0.3,synthetic_vegetative,ok,independent_synthetic_two_layer_bridge_only
2026-05-11T01:15:00Z,SYNTHETIC_TWO_LAYER_SITE,ZONE_01,B06,identification,15,10.0,0.20027997358987554,0.2092955467979218,0.0,0.0,0.0,0.0,20.7,85.93248112293617,0.0,,,0.3,synthetic_vegetative,ok,independent_synthetic_two_layer_bridge_only
2026-05-11T01:30:00Z,SYNTHETIC_TWO_LAYER_SITE,ZONE_01,B06,identification,15,10.0,0.20129440517136685,0.2093443277308285,0.0,0.0,0.0,0.0,20.7,86.03660576611797,0.0,,,0.3,synthetic_vegetative,ok,independent_synthetic_two_layer_bridge_only
2026-05-11T01:45:00Z,SYNTHETIC_TWO_LAYER_SITE,ZONE_01,B06,identification,15,10.0,0.20161975322441983,0.20968785923634098,0.0,0.0,0.0,0.0,20.7,86.07424507943921,0.0,,,0.3,synthetic_vegetative,ok,independent_synthetic_two_layer_bridge_only
2026-05-11T02:00:00Z,SYNTHETIC_TWO_LAYER_SITE,ZONE_01,B06,identification,15,10.0,0.2015590061086301,0.20838762327572882,0.0,0.0,0.0,0.0,20.7,86.04523788558176,0.0,,,0.3,synthetic_vegetative,ok,independent_synthetic_two_layer_bridge_only
2026-05-11T02:15:00Z,SYNTHETIC_TWO_LAYER_SITE,ZONE_01,B06,identification,15,10.0,0.20862281633846053,0.2083036813040161,1.0,0.8471553941098838,0.5647702627399226,8.471553941098838,20.7,85.949708397803,0.0,,,0.3,synthetic_vegetative,ok,independent_synthetic_two_layer_bridge_only
2026-05-11T02:30:00Z,SYNTHETIC_TWO_LAYER_SITE,ZONE_01,B06,identification,15,10.0,0.21508471600752554,0.20876766033723368,1.0,0.8618457615488606,0.5745638410325736,17.09001155658744,20.7,85.78806568803553,0.0,,,0.3,synthetic_vegetative,ok,independent_synthetic_two_layer_bridge_only
2026-05-11T02:45:00Z,SYNTHETIC_TWO_LAYER_SITE,ZONE_01,B06,identification,15,10.0,0.220064401605559,0.20935681111970264,1.0,0.8576006349469206,0.5717337566312805,25.66601790605665,20.7,85.56100193517842,0.0,,,0.3,synthetic_vegetative,ok,independent_synthetic_two_layer_bridge_only
2026-05-11T03:00:00Z,SYNTHETIC_TWO_LAYER_SITE,ZONE_01,B06,identification,15,10.0,0.2258134531004442,0.21115027477070816,1.0,0.8603487225607787,0.5735658150405191,34.26950513166443,20.7,85.26948946108088,0.0,,,0.3,synthetic_vegetative,ok,independent_synthetic_two_layer_bridge_only
2026-05-11T03:15:00Z,SYNTHETIC_TWO_LAYER_SITE,ZONE_01,B06,identification,15,10.0,0.23220109468727196,0.2111147483170386,1.0,0.8634033448420643,0.5756022298947095,42.903538580085076,20.7,84.91477656691077,0.0,,,0.3,synthetic_vegetative,ok,independent_synthetic_two_layer_bridge_only
2026-05-11T03:30:00Z,SYNTHETIC_TWO_LAYER_SITE,ZONE_01,B06,identification,15,10.0,0.23704899218561631,0.21308331739506792,1.0,0.8698078164476092,0.5798718776317394,51.60161674456117,20.7,84.49838218773749,0.0,,,0.3,synthetic_vegetative,ok,independent_synthetic_two_layer_bridge_only
2026-05-11T03:45:00Z,SYNTHETIC_TWO_LAYER_SITE,ZONE_01,B06,identification,15,10.0,0.24278079098530997,0.21411221445631098,1.0,0.8555158287336403,0.5703438858224268,60.156775031897574,20.7,84.02208938821867,0.0,,,0.3,synthetic_vegetative,ok,independent_synthetic_two_layer_bridge_only
2026-05-11T04:00:00Z,SYNTHETIC_TWO_LAYER_SITE,ZONE_01,B06,identification,15,10.0,0.24624436712047146,0.21586883742655325,1.0,0.8562772120675957,0.5708514747117305,68.71954715257353,20.7,83.48793772724362,0.0,,,0.3,synthetic_vegetative,ok,independent_synthetic_two_layer_bridge_only
2026-05-11T04:15:00Z,SYNTHETIC_TWO_LAYER_SITE,ZONE_01,B06,identification,15,10.0,0.25215059548179514,0.21772569102895675,1.0,0.862750705313255,0.5751671368755034,77.34705420570607,20.7,82.89821452422912,0.0,,,0.3,synthetic_vegetative,ok,independent_synthetic_two_layer_bridge_only
2026-05-11T04:30:00Z,SYNTHETIC_TWO_LAYER_SITE,ZONE_01,B06,identification,15,10.0,0.2555036634329712,0.21906800964114145,1.0,0.8504563123220107,0.5669708748813405,85.85161732892618,20.7,82.25544506446644,0.0,,,0.3,synthetic_vegetative,ok,independent_synthetic_two_layer_bridge_only
2026-05-11T04:45:00Z,SYNTHETIC_TWO_LAYER_SITE,ZONE_01,B06,identification,15,10.0,0.2606024615703336,0.2213111232045965,1.0,0.8694027453510268,0.5796018302340179,94.54564478243645,20.7,81.56238178546201,0.0,,,0.3,synthetic_vegetative,ok,independent_synthetic_two_layer_bridge_only
2026-05-11T05:00:00Z,SYNTHETIC_TWO_LAYER_SITE,ZONE_01,B06,identification,15,10.0,0.26468737735574854,0.22252154797958146,1.0,0.858941394098791,0.5726275960658607,103.13505872342436,20.7,80.82199249057757,0.0,,,0.3,synthetic_vegetative,ok,independent_synthetic_two_layer_bridge_only
2026-05-11T05:15:00Z,SYNTHETIC_TWO_LAYER_SITE,ZONE_01,B06,identification,15,10.0,0.26867662109154467,0.22549836706420998,1.0,0.8642547865341837,0.5761698576894558,111.7776065887662,20.7,80.03744764044043,0.0,,,0.3,synthetic_vegetative,ok,independent_synthetic_two_layer_bridge_only
2026-05-11T05:30:00Z,SYNTHETIC_TWO_LAYER_SITE,ZONE_01,B06,identification,15,10.0,0.2730570036411103,0.2264349453152748,1.0,0.8655057194739193,0.5770038129826128,120.4326637835054,20.7,79.2121067765444,0.0,,,0.3,synthetic_vegetative,ok,independent_synthetic_two_layer_bridge_only
2026-05-11T05:45:00Z,SYNTHETIC_TWO_LAYER_SITE,ZONE_01,B06,identification,15,10.0,0.2698159406204466,0.22881002491457617,0.0,0.0,0.0,120.4326637835054,20.7,78.34950413517733,0.0,,,0.3,synthetic_vegetative,ok,independent_synthetic_two_layer_bridge_only
2026-05-11T06:00:00Z,SYNTHETIC_TWO_LAYER_SITE,ZONE_01,B06,identification,15,10.0,0.26733150613747925,0.23050557375188485,0.0,0.0,0.0,120.4326637835054,20.7,77.4533335132787,0.0,,,0.3,synthetic_vegetative,ok,independent_synthetic_two_layer_bridge_only
2026-05-11T06:15:00Z,SYNTHETIC_TWO_LAYER_SITE,ZONE_01,B06,identification,15,10.0,0.2658516896898527,0.23139530633848399,0.0,0.0,0.0,120.4326637835054,21.157821904611,76.52756445931236,35.3320333402504,,,0.3,synthetic_vegetative,ok,independent_synthetic_two_layer_bridge_only
2026-05-11T06:30:00Z,SYNTHETIC_TWO_LAYER_SITE,ZONE_01,B06,identification,15,10.0,0.26307920016810743,0.23282097573268998,0.0,0.0,0.0,120.4326637835054,21.61368334554036,75.64353480104447,68.5591790748248,,,0.3,synthetic_vegetative,ok,independent_synthetic_two_layer_bridge_only
2026-05-11T06:45:00Z,SYNTHETIC_TWO_LAYER_SITE,ZONE_01,B06,identification,15,10.0,0.26151372330470385,0.2335118419010241,0.0,0.0,0.0,120.4326637835054,22.0656322541129,74.80281597623059,99.05689671793587,,,0.3,synthetic_vegetative,ok,independent_synthetic_two_layer_bridge_only
2026-05-11T07:00:00Z,SYNTHETIC_TWO_LAYER_SITE,ZONE_01,B06,identification,15,10.0,0.2596286408576784,0.23426466308280125,0.0,0.0,0.0,120.4326637835054,22.511733315717645,74.00612053893958,126.41389593289375,,,0.3,synthetic_vegetative,ok,independent_synthetic_two_layer_bridge_only
2026-05-11T07:15:00Z,SYNTHETIC_TWO_LAYER_SITE,ZONE_01,B06,identification,15,10.0,0.2570222785878649,0.23518471667289512,0.0,0.0,0.0,120.4326637835054,22.95007625712213,73.25340323723391,150.45746295731095,,,0.3,synthetic_vegetative,ok,independent_synthetic_two_layer_bridge_only
2026-05-11T07:30:00Z,SYNTHETIC_TWO_LAYER_SITE,ZONE_01,B06,identification,15,10.0,0.25628243109154286,0.2360554178087578,0.0,0.0,0.0,120.4326637835054,23.37878402655563,72.5439639391751,171.26109382320433,,,0.3,synthetic_vegetative,ok,independent_synthetic_two_layer_bridge_only
2026-05-11T07:45:00Z,SYNTHETIC_TWO_LAYER_SITE,ZONE_01,B06,identification,15,10.0,0.2537884199116692,0.2362563433357077,0.0,0.0,0.0,120.4326637835054,23.79602083153301,71.87654956040932,189.13385407354613,,,0.3,synthetic_vegetative,ok,independent_synthetic_two_layer_bridge_only
2026-05-11T08:00:00Z,SYNTHETIC_TWO_LAYER_SITE,ZONE_01,B06,identification,15,10.0,0.2532713204966078,0.23830315650228553,0.0,0.0,0.0,120.4326637835054,24.2,71.24945270655536,204.59220549876653,,,0.3,synthetic_vegetative,ok,independent_synthetic_two_layer_bridge_only
2026-05-11T08:15:00Z,SYNTHETIC_TWO_LAYER_SITE,ZONE_01,B06,identification,15,10.0,0.25193187645311227,0.23801932545273702,0.0,0.0,0.0,120.4326637835054,24.588991631137215,70.66060528290583,218.31630920965435,,,0.3,synthetic_vegetative,ok,independent_synthetic_two_layer_bridge_only
2026-05-11T08:30:00Z,SYNTHETIC_TWO_LAYER_SITE,ZONE_01,B06,identification,15,10.0,0.2502633624917966,0.23735164564376163,0.0,0.0,0.0,120.4326637835054,24.961330003061043,70.10766582351394,231.0939401436138,,,0.3,synthetic_vegetative,ok,independent_synthetic_two_layer_bridge_only
2026-05-11T08:45:00Z,SYNTHETIC_TWO_LAYER_SITE,ZONE_01,B06,identification,15,10.0,0.24866241680396806,0.23859122112855247,0.0,0.0,0.0,120.4326637835054,25.31542070570048,69.58809973865841,243.75605009317422,,,0.3,synthetic_vegetative,ok,independent_synthetic_two_layer_bridge_only
2026-05-11T09:00:00Z,SYNTHETIC_TWO_LAYER_SITE,ZONE_01,B06,identification,15,10.0,0.2485056252300813,0.23761826108895728,0.0,0.0,0.0,120.4326637835054,25.64974746830583,69.09925206645097,257.10862975904615,,,0.3,synthetic_vegetative,ok,independent_synthetic_two_layer_bridge_only
2026-05-11T09:15:00Z,SYNTHETIC_TWO_LAYER_SITE,ZONE_01,B06,identification,15,10.0,0.24736789232910797,0.2394693634073311,0.0,0.0,0.0,120.4326637835054,25.962878652352842,68.63841263797053,271.86580099753434,,,0.3,synthetic_vegetative,ok,independent_synthetic_two_layer_bridge_only
2026-05-11T09:30:00Z,SYNTHETIC_TWO_LAYER_SITE,ZONE_01,B06,identification,15,10.0,0.24589123666614696,0.23889165048926927,0.0,0.0,0.0,120.4326637835054,26.253473382038646,68.20287382633988,288.5889979717928,,,0.3,synthetic_vegetative,ok,independent_synthetic_two_layer_bridge_only
2026-05-11T09:45:00Z,SYNTHETIC_TWO_LAYER_SITE,ZONE_01,B06,identification,15,10.0,0.244601785720436,0.23907220019289932,0.0,0.0,0.0,120.4326637835054,26.520287286117817,67.78998125178717,307.6366751944262,,,0.3,synthetic_vegetative,ok,independent_synthetic_two_layer_bridge_only
2026-05-11T10:00:00Z,SYNTHETIC_TWO_LAYER_SITE,ZONE_01,B06,identification,15,10.0,0.24460777281199675,0.23942517838546903,0.0,0.0,0.0,120.4326637835054,26.76217782649107,67.39717796192764,329.12824123785265,,,0.3,synthetic_vegetative,ok,independent_synthetic_two_layer_bridge_only
2026-05-11T10:15:00Z,SYNTHETIC_TWO_LAYER_SITE,ZONE_01,B06,identification,15,10.0,0.24306440934686943,0.2382545641129456,0.0,0.0,0.0,120.4326637835054,26.97810919072882,67.02204270527432,352.92491174545296,,,0.3,synthetic_vegetative,ok,independent_synthetic_two_layer_bridge_only
2026-05-11T10:30:00Z,SYNTHETIC_TWO_LAYER_SITE,ZONE_01,B06,identification,15,10.0,0.2428006669230896,0.23919698514910345,0.0,0.0,0.0,120.4326637835054,27.167156727579005,66.66232297279231,378.6289758911448,,,0.3,synthetic_vegetative,ok,independent_synthetic_two_layer_bridge_only
2026-05-11T10:45:00Z,SYNTHETIC_TWO_LAYER_SITE,ZONE_01,B06,identification,15,10.0,0.2417327423318529,0.23869764496119,0.0,0.0,0.0,120.4326637835054,27.328510906465738,66.31596350357141,405.60166211982926,,,0.3,synthetic_vegetative,ok,independent_synthetic_two_layer_bridge_only
2026-05-11T11:00:00Z,SYNTHETIC_TWO_LAYER_SITE,ZONE_01,B06,identification,15,10.0,0.2406643949220958,0.23959669855242308,0.0,0.0,0.0,120.4326637835054,27.461480784023475,65.98113094245342,432.9984651831585,,,0.3,synthetic_vegetative,ok,independent_synthetic_two_layer_bridge_only
2026-05-11T11:15:00Z,SYNTHETIC_TWO_LAYER_SITE,ZONE_01,B06,identification,15,10.0,0.23965705572623622,0.2394817424090771,0.0,0.0,0.0,120.4326637835054,27.56549696282261,65.65623530514189,459.8195516397214,,,0.3,synthetic_vegetative,ok,independent_synthetic_two_layer_bridge_only
2026-05-11T11:30:00Z,SYNTHETIC_TWO_LAYER_SITE,ZONE_01,B06,identification,15,10.0,0.2395576139009308,0.23863567798802462,0.0,0.0,0.0,120.4326637835054,27.640114029616672,65.33994885463508,484.9717839908511,,,0.3,synthetic_vegetative,ok,independent_synthetic_two_layer_bridge_only
2026-05-11T11:45:00Z,SYNTHETIC_TWO_LAYER_SITE,ZONE_01,B06,identification,15,10.0,0.23874677672204778,0.2386783017175227,0.0,0.0,0.0,120.4326637835054,27.685012462670223,65.03122292563833,507.338071397258,,,0.3,synthetic_vegetative,ok,independent_synthetic_two_layer_bridge_only
2026-05-11T12:00:00Z,SYNTHETIC_TWO_LAYER_SITE,ZONE_01,B06,identification,15,10.0,0.23752725408904948,0.23754105622461277,0.0,0.0,0.0,120.4326637835054,27.7,64.72930315402074,525.8492269451896,,,0.3,synthetic_vegetative,ok,independent_synthetic_two_layer_bridge_only
2026-05-11T12:15:00Z,SYNTHETIC_TWO_LAYER_SITE,ZONE_01,B06,identification,15,10.0,0.23697353624842285,0.2389801239727492,0.0,0.0,0.0,120.4326637835054,27.685012462670223,64.43374347872665,539.5533254840616,,,0.3,synthetic_vegetative,ok,independent_synthetic_two_layer_bridge_only
2026-05-11T12:30:00Z,SYNTHETIC_TWO_LAYER_SITE,ZONE_01,B06,identification,15,10.0,0.23710358030043843,0.237499115358761,0.0,0.0,0.0,120.4326637835054,27.640114029616672,64.14441918554623,547.6777255226201,,,0.3,synthetic_vegetative,ok,independent_synthetic_two_layer_bridge_only
2026-05-11T12:45:00Z,SYNTHETIC_TWO_LAYER_SITE,ZONE_01,B06,identification,15,10.0,0.23522048109173962,0.2374782321557867,0.0,0.0,0.0,120.4326637835054,27.56549696282261,63.86153915696213,549.6794315737835,,,0.3,synthetic_vegetative,ok,independent_synthetic_two_layer_bridge_only
2026-05-11T13:00:00Z,SYNTHETIC_TWO_LAYER_SITE,ZONE_01,B06,identification,15,10.0,0.23454995990837507,0.23763308411782252,0.0,0.0,0.0,120.4326637835054,27.461480784023475,63.58565738073128,545.2802932026575,,,0.3,synthetic_vegetative,ok,independent_synthetic_two_layer_bridge_only
2026-05-11T13:15:00Z,SYNTHETIC_TWO_LAYER_SITE,ZONE_01,B06,identification,15,10.0,0.23339553322112566,0.23699011106299328,0.0,0.0,0.0,120.4326637835054,27.32851090646574,63.31768365250754,534.4846054819839,,,0.3,synthetic_vegetative,ok,independent_synthetic_two_layer_bridge_only
2026-05-11T13:30:00Z,SYNTHETIC_TWO_LAYER_SITE,ZONE_01,B06,identification,15,10.0,0.23304773806041645,0.23663639144524057,0.0,0.0,0.0,120.4326637835054,27.16715672757901,63.058893285211056,517.5779164874668,,,0.3,synthetic_vegetative,ok,independent_synthetic_two_layer_bridge_only
2026-05-11T13:45:00Z,SYNTHETIC_TWO_LAYER_SITE,ZONE_01,B06,identification,15,10.0,0.2327112613716743,0.23545724089458858,0.0,0.0,0.0,120.4326637835054,26.97810919072882,62.810935510681134,495.10717246828966,,,0.3,synthetic_vegetative,ok,independent_synthetic_two_layer_bridge_only
2026-05-11T14:00:00Z,SYNTHETIC_TWO_LAYER_SITE,ZONE_01,B06,identification,15,10.0,0.23274249397671154,0.23457533035970995,0.0,0.0,0.0,120.4326637835054,26.762177826491072,62.57584012844109,467.84364601798535,,,0.3,synthetic_vegetative,ok,independent_synthetic_two_layer_bridge_only
2026-05-11T14:15:00Z,SYNTHETIC_TWO_LAYER_SITE,ZONE_01,B06,identification,15,10.0,0.2317623063915486,0.23555217410107124,0.0,0.0,0.0,120.4326637835054,26.520287286117817,62.35602182371597,436.73130331590414,,,0.3,synthetic_vegetative,ok,independent_synthetic_two_layer_bridge_only
2026-05-11T14:30:00Z,SYNTHETIC_TWO_LAYER_SITE,ZONE_01,B06,identification,15,10.0,0.23030124688124398,0.23557905234546278,0.0,0.0,0.0,120.4326637835054,26.253473382038646,62.154281444488056,402.82428711948853,,,0.3,synthetic_vegetative,ok,independent_synthetic_two_layer_bridge_only
2026-05-11T14:45:00Z,SYNTHETIC_TWO_LAYER_SITE,ZONE_01,B06,identification,15,10.0,0.23058082808028768,0.2351144400485646,0.0,0.0,0.0,120.4326637835054,25.962878652352842,61.973803398593084,367.21795006703184,,,0.3,synthetic_vegetative,ok,independent_synthetic_two_layer_bridge_only
2026-05-11T15:00:00Z,SYNTHETIC_TWO_LAYER_SITE,ZONE_01,B06,identification,15,10.0,0.22997425967679183,0.23478167510622036,0.0,0.0,0.0,120.4326637835054,25.649747468305833,61.81814821101839,330.9783141808629,,,0.3,synthetic_vegetative,ok,independent_synthetic_two_layer_bridge_only
2026-05-11T15:15:00Z,SYNTHETIC_TWO_LAYER_SITE,ZONE_01,B06,identification,15,10.0,0.2300761532002312,0.23433472282058432,0.0,0.0,0.0,120.4326637835054,25.315420705700483,61.69123917428426,295.0749260398113,,,0.3,synthetic_vegetative,ok,independent_synthetic_two_layer_bridge_only
2026-05-11T15:30:00Z,SYNTHETIC_TWO_LAYER_SITE,ZONE_01,B06,identification,15,10.0,0.22951688888541713,0.2340600585512646,0.0,0.0,0.0,120.4326637835054,24.961330003061047,61.59734193805857,260.3218165554449,,,0.3,synthetic_vegetative,ok,independent_synthetic_two_layer_bridge_only
2026-05-11T15:45:00Z,SYNTHETIC_TWO_LAYER_SITE,ZONE_01,B06,identification,15,10.0,0.22872074463178885,0.23333130994011447,0.0,0.0,0.0,120.4326637835054,24.588991631137215,61.541035826327686,227.33067856588832,,,0.3,synthetic_vegetative,ok,independent_synthetic_two_layer_bridge_only
2026-05-11T16:00:00Z,SYNTHETIC_TWO_LAYER_SITE,ZONE_01,B06,identification,15,10.0,0.22847483720080927,0.2324956960366718,0.0,0.0,0.0,120.4326637835054,24.2,61.5271756511822,196.47948741158663,,,0.3,synthetic_vegetative,ok,independent_synthetic_two_layer_bridge_only
2026-05-11T16:15:00Z,SYNTHETIC_TWO_LAYER_SITE,ZONE_01,B06,identification,15,10.0,0.22882766473834154,0.23376180713974165,0.0,0.0,0.0,120.4326637835054,23.79602083153301,61.56084282230052,167.89867299921067,,,0.3,synthetic_vegetative,ok,independent_synthetic_two_layer_bridge_only
2026-05-11T16:30:00Z,SYNTHETIC_TWO_LAYER_SITE,ZONE_01,B06,identification,15,10.0,0.22785637573511056,0.23281217912836202,0.0,0.0,0.0,120.4326637835054,23.37878402655563,61.647284641965584,141.47568661712882,,,0.3,synthetic_vegetative,ok,independent_synthetic_two_layer_bridge_only
2026-05-11T16:45:00Z,SYNTHETIC_TWO_LAYER_SITE,ZONE_01,B06,identification,15,10.0,0.22856767693727958,0.23228713380892146,0.0,0.0,0.0,120.4326637835054,22.95007625712213,61.791840838487275,116.87748254357805,,,0.3,synthetic_vegetative,ok,independent_synthetic_two_layer_bridge_only
2026-05-11T17:00:00Z,SYNTHETIC_TWO_LAYER_SITE,ZONE_01,B06,identification,15,10.0,0.22784946484338053,0.23255855426654282,0.0,0.0,0.0,120.4326637835054,22.511733315717645,61.99985663714851,93.58914799437689,,,0.3,synthetic_vegetative,ok,independent_synthetic_two_layer_bridge_only
2026-05-11T17:15:00Z,SYNTHETIC_TWO_LAYER_SITE,ZONE_01,B06,identification,15,10.0,0.22771133517471823,0.23129531983106133,0.0,0.0,0.0,120.4326637835054,22.065632254112895,62.27658200652604,70.96575722988838,,,0.3,synthetic_vegetative,ok,independent_synthetic_two_layer_bridge_only
2026-05-11T17:30:00Z,SYNTHETIC_TWO_LAYER_SITE,ZONE_01,B06,identification,15,10.0,0.2283306524385529,0.2314660340528869,0.0,0.0,0.0,120.4326637835054,21.613683345540363,62.627057155700186,48.29357947209547,,,0.3,synthetic_vegetative,ok,independent_synthetic_two_layer_bridge_only
2026-05-11T17:45:00Z,SYNTHETIC_TWO_LAYER_SITE,ZONE_01,B06,identification,15,10.0,0.22782106249705267,0.23181961593986952,0.0,0.0,0.0,120.4326637835054,21.157821904611,63.055984896714804,24.85610329778156,,,0.3,synthetic_vegetative,ok,independent_synthetic_two_layer_bridge_only
2026-05-11T18:00:00Z,SYNTHETIC_TWO_LAYER_SITE,ZONE_01,B06,identification,15,10.0,0.22787607492573214,0.23159834764367168,0.0,0.0,0.0,120.4326637835054,20.7,63.56759112327954,4.81906009061909e-14,,,0.3,synthetic_vegetative,ok,independent_synthetic_two_layer_bridge_only
2026-05-11T18:15:00Z,SYNTHETIC_TWO_LAYER_SITE,ZONE_01,B06,identification,15,10.0,0.22807511922243348,0.2311186414639151,0.0,0.0,0.0,120.4326637835054,20.7,64.49349218552415,0.0,,,0.3,synthetic_vegetative,ok,independent_synthetic_two_layer_bridge_only
2026-05-11T18:30:00Z,SYNTHETIC_TWO_LAYER_SITE,ZONE_01,B06,identification,15,10.0,0.22768796774426642,0.2308206893846574,0.0,0.0,0.0,120.4326637835054,20.7,65.44515883761923,0.0,,,0.3,synthetic_vegetative,ok,independent_synthetic_two_layer_bridge_only
2026-05-11T18:45:00Z,SYNTHETIC_TWO_LAYER_SITE,ZONE_01,B06,identification,15,10.0,0.22813171606804158,0.23122143299443615,0.0,0.0,0.0,120.4326637835054,20.7,66.41851589685811,0.0,,,0.3,synthetic_vegetative,ok,independent_synthetic_two_layer_bridge_only
2026-05-11T19:00:00Z,SYNTHETIC_TWO_LAYER_SITE,ZONE_01,B06,identification,15,10.0,0.2287708371156929,0.2306532556209456,0.0,0.0,0.0,120.4326637835054,20.7,67.4093952988805,0.0,,,0.3,synthetic_vegetative,ok,independent_synthetic_two_layer_bridge_only
2026-05-11T19:15:00Z,SYNTHETIC_TWO_LAYER_SITE,ZONE_01,B06,identification,15,10.0,0.22880315124809575,0.2304303957056127,0.0,0.0,0.0,120.4326637835054,20.7,68.41355394596445,0.0,,,0.3,synthetic_vegetative,ok,independent_synthetic_two_layer_bridge_only
2026-05-11T19:30:00Z,SYNTHETIC_TWO_LAYER_SITE,ZONE_01,B06,identification,15,10.0,0.22838253476370962,0.23060851960678222,0.0,0.0,0.0,120.4326637835054,20.7,69.42669187662187,0.0,,,0.3,synthetic_vegetative,ok,independent_synthetic_two_layer_bridge_only
2026-05-11T19:45:00Z,SYNTHETIC_TWO_LAYER_SITE,ZONE_01,B06,identification,15,10.0,0.2280948043830982,0.23030350398202118,0.0,0.0,0.0,120.4326637835054,20.7,70.44447067869392,0.0,,,0.3,synthetic_vegetative,ok,independent_synthetic_two_layer_bridge_only
2026-05-11T20:00:00Z,SYNTHETIC_TWO_LAYER_SITE,ZONE_01,B06,identification,15,10.0,0.22929942260109895,0.22947772607569125,0.0,0.0,0.0,120.4326637835054,20.7,71.46253206709794,0.0,,,0.3,synthetic_vegetative,ok,independent_synthetic_two_layer_bridge_only
2026-05-11T20:15:00Z,SYNTHETIC_TWO_LAYER_SITE,ZONE_01,B06,identification,15,10.0,0.22835837774327553,0.23011099895239184,0.0,0.0,0.0,120.4326637835054,20.7,72.47651654667305,0.0,,,0.3,synthetic_vegetative,ok,independent_synthetic_two_layer_bridge_only
2026-05-11T20:30:00Z,SYNTHETIC_TWO_LAYER_SITE,ZONE_01,B06,identification,15,10.0,0.2267645061733682,0.2301036380621182,0.0,0.0,0.0,120.4326637835054,20.7,73.48208208020806,0.0,,,0.3,synthetic_vegetative,ok,independent_synthetic_two_layer_bridge_only
2026-05-11T20:45:00Z,SYNTHETIC_TWO_LAYER_SITE,ZONE_01,B06,identification,15,10.0,0.22797172774262173,0.2298425277874092,0.0,0.0,0.0,120.4326637835054,20.7,74.47492268171116,0.0,,,0.3,synthetic_vegetative,ok,independent_synthetic_two_layer_bridge_only
2026-05-11T21:00:00Z,SYNTHETIC_TWO_LAYER_SITE,ZONE_01,B06,identification,15,10.0,0.2280616865215202,0.22968366806529333,0.0,0.0,0.0,120.4326637835054,20.7,75.45078685530298,0.0,,,0.3,synthetic_vegetative,ok,independent_synthetic_two_layer_bridge_only
2026-05-11T21:15:00Z,SYNTHETIC_TWO_LAYER_SITE,ZONE_01,B06,identification,15,10.0,0.2284896439637196,0.22981066612413217,0.0,0.0,0.0,120.4326637835054,20.7,76.40549580077487,0.0,,,0.3,synthetic_vegetative,ok,independent_synthetic_two_layer_bridge_only
2026-05-11T21:30:00Z,SYNTHETIC_TWO_LAYER_SITE,ZONE_01,B06,identification,15,10.0,0.2282852144553413,0.22963820326523834,0.0,0.0,0.0,120.4326637835054,20.7,77.33496130785268,0.0,,,0.3,synthetic_vegetative,ok,independent_synthetic_two_layer_bridge_only
2026-05-11T21:45:00Z,SYNTHETIC_TWO_LAYER_SITE,ZONE_01,B06,identification,15,10.0,0.22736400178657287,0.2296194854554149,0.0,0.0,0.0,120.4326637835054,20.7,78.23520326254099,0.0,,,0.3,synthetic_vegetative,ok,independent_synthetic_two_layer_bridge_only
2026-05-11T22:00:00Z,SYNTHETIC_TWO_LAYER_SITE,ZONE_01,B06,identification,15,10.0,0.22818625409396198,0.2291323873297539,0.0,0.0,0.0,120.4326637835054,20.7,79.10236669058219,0.0,,,0.3,synthetic_vegetative,ok,independent_synthetic_two_layer_bridge_only
2026-05-11T22:15:00Z,SYNTHETIC_TWO_LAYER_SITE,ZONE_01,B06,identification,15,10.0,0.2268982363930665,0.22870557157668323,0.0,0.0,0.0,120.4326637835054,20.7,79.93273826504802,0.0,,,0.3,synthetic_vegetative,ok,independent_synthetic_two_layer_bridge_only
2026-05-11T22:30:00Z,SYNTHETIC_TWO_LAYER_SITE,ZONE_01,B06,identification,15,10.0,0.22921701020762522,0.228640518839431,0.0,0.0,0.0,120.4326637835054,20.7,80.72276220737568,0.0,,,0.3,synthetic_vegetative,ok,independent_synthetic_two_layer_bridge_only
2026-05-11T22:45:00Z,SYNTHETIC_TWO_LAYER_SITE,ZONE_01,B06,identification,15,10.0,0.22772512054879482,0.2300479778641841,0.0,0.0,0.0,120.4326637835054,20.7,81.46905551375741,0.0,,,0.3,synthetic_vegetative,ok,independent_synthetic_two_layer_bridge_only
2026-05-11T23:00:00Z,SYNTHETIC_TWO_LAYER_SITE,ZONE_01,B06,identification,15,10.0,0.2270523157529823,0.22856032859801154,0.0,0.0,0.0,120.4326637835054,20.7,82.16842244168224,0.0,,,0.3,synthetic_vegetative,ok,independent_synthetic_two_layer_bridge_only
2026-05-11T23:15:00Z,SYNTHETIC_TWO_LAYER_SITE,ZONE_01,B06,identification,15,10.0,0.22916389784133576,0.22889385435273654,0.0,0.0,0.0,120.4326637835054,20.7,82.81786819459612,0.0,,,0.3,synthetic_vegetative,ok,independent_synthetic_two_layer_bridge_only
2026-05-11T23:30:00Z,SYNTHETIC_TWO_LAYER_SITE,ZONE_01,B06,identification,15,10.0,0.2274568029493386,0.22906542327807045,0.0,0.0,0.0,120.4326637835054,20.7,83.41461174608024,0.0,,,0.3,synthetic_vegetative,ok,independent_synthetic_two_layer_bridge_only
2026-05-11T23:45:00Z,SYNTHETIC_TWO_LAYER_SITE,ZONE_01,B06,identification,15,10.0,0.2278735305656891,0.22860315794941752,0.0,0.0,0.0,120.4326637835054,20.7,83.95609774863348,0.0,,,0.3,synthetic_vegetative,ok,independent_synthetic_two_layer_bridge_only
2026-05-12T00:00:00Z,SYNTHETIC_TWO_LAYER_SITE,ZONE_01,B06,identification,15,10.0,0.22696899085935882,0.2284259243068168,0.0,0.0,0.0,120.4326637835054,20.7,84.44000747606242,0.0,0.2277952985755628,0.22843499705624318,0.3,synthetic_vegetative,ok,independent_synthetic_two_layer_bridge_only
2026-05-13T00:00:00Z,SYNTHETIC_TWO_LAYER_SITE,ZONE_01,B07,validation,15,10.0,0.19144221911786702,0.21772233599698068,0.0,0.0,0.0,0.0,21.3,85.4654312050706,0.0,0.192,0.218,0.3,synthetic_vegetative,ok,independent_synthetic_two_layer_bridge_only
2026-05-13T00:15:00Z,SYNTHETIC_TWO_LAYER_SITE,ZONE_01,B07,validation,15,10.0,0.19275443535501524,0.21715086681269666,0.0,0.0,0.0,0.0,21.3,85.06486339836611,0.0,,,0.3,synthetic_vegetative,ok,independent_synthetic_two_layer_bridge_only
2026-05-13T00:30:00Z,SYNTHETIC_TWO_LAYER_SITE,ZONE_01,B07,validation,15,10.0,0.19459190247093644,0.21562929354264626,0.0,0.0,0.0,0.0,21.3,84.60654066237892,0.0,,,0.3,synthetic_vegetative,ok,independent_synthetic_two_layer_bridge_only
2026-05-13T00:45:00Z,SYNTHETIC_TWO_LAYER_SITE,ZONE_01,B07,validation,15,10.0,0.1961865790412713,0.2159167433186704,0.0,0.0,0.0,0.0,21.3,84.09242560542751,0.0,,,0.3,synthetic_vegetative,ok,independent_synthetic_two_layer_bridge_only
2026-05-13T01:00:00Z,SYNTHETIC_TWO_LAYER_SITE,ZONE_01,B07,validation,15,10.0,0.19679011984504907,0.21399310744809266,0.0,0.0,0.0,0.0,21.3,83.5247197471141,0.0,,,0.3,synthetic_vegetative,ok,independent_synthetic_two_layer_bridge_only
2026-05-13T01:15:00Z,SYNTHETIC_TWO_LAYER_SITE,ZONE_01,B07,validation,15,10.0,0.1981699056768814,0.2133435321719889,0.0,0.0,0.0,0.0,21.3,82.90585409107982,0.0,,,0.3,synthetic_vegetative,ok,independent_synthetic_two_layer_bridge_only
2026-05-13T01:30:00Z,SYNTHETIC_TWO_LAYER_SITE,ZONE_01,B07,validation,15,10.0,0.19917625132577144,0.21294073469148986,0.0,0.0,0.0,0.0,21.3,82.23847871507377,0.0,,,0.3,synthetic_vegetative,ok,independent_synthetic_two_layer_bridge_only
2026-05-13T01:45:00Z,SYNTHETIC_TWO_LAYER_SITE,ZONE_01,B07,validation,15,10.0,0.19980461088146526,0.21247637182382964,0.0,0.0,0.0,0.0,21.3,81.52545142291333,0.0,,,0.3,synthetic_vegetative,ok,independent_synthetic_two_layer_bridge_only
2026-05-13T02:00:00Z,SYNTHETIC_TWO_LAYER_SITE,ZONE_01,B07,validation,15,10.0,0.20056199270678654,0.21245980589268917,0.0,0.0,0.0,0.0,21.3,80.76982550692951,0.0,,,0.3,synthetic_vegetative,ok,independent_synthetic_two_layer_bridge_only
2026-05-13T02:15:00Z,SYNTHETIC_TWO_LAYER_SITE,ZONE_01,B07,validation,15,10.0,0.20026669263347568,0.2111542722050072,0.0,0.0,0.0,0.0,21.3,79.97483667330032,0.0,,,0.3,synthetic_vegetative,ok,independent_synthetic_two_layer_bridge_only
2026-05-13T02:30:00Z,SYNTHETIC_TWO_LAYER_SITE,ZONE_01,B07,validation,15,10.0,0.20121708038617922,0.2111633079631405,0.0,0.0,0.0,0.0,21.3,79.14388918626027,0.0,,,0.3,synthetic_vegetative,ok,independent_synthetic_two_layer_bridge_only
2026-05-13T02:45:00Z,SYNTHETIC_TWO_LAYER_SITE,ZONE_01,B07,validation,15,10.0,0.2012997124465319,0.21034011369418318,0.0,0.0,0.0,0.0,21.3,78.28054129051824,0.0,,,0.3,synthetic_vegetative,ok,independent_synthetic_two_layer_bridge_only
2026-05-13T03:00:00Z,SYNTHETIC_TWO_LAYER_SITE,ZONE_01,B07,validation,15,10.0,0.2024390701670174,0.2089307909806692,0.0,0.0,0.0,0.0,21.3,77.3884899743074,0.0,,,0.3,synthetic_vegetative,ok,independent_synthetic_two_layer_bridge_only
2026-05-13T03:15:00Z,SYNTHETIC_TWO_LAYER_SITE,ZONE_01,B07,validation,15,10.0,0.20908162801142685,0.210824552344418,1.0,0.8617260638071038,0.5744840425380692,8.617260638071038,21.3,76.47155513831396,0.0,,,0.3,synthetic_vegetative,ok,independent_synthetic_two_layer_bridge_only
2026-05-13T03:30:00Z,SYNTHETIC_TWO_LAYER_SITE,ZONE_01,B07,validation,15,10.0,0.21618574573184116,0.2116339538438263,1.0,0.8619972258076822,0.5746648172051215,17.23723289614786,21.3,75.53366323827603,0.0,,,0.3,synthetic_vegetative,ok,independent_synthetic_two_layer_bridge_only
2026-05-13T03:45:00Z,SYNTHETIC_TWO_LAYER_SITE,ZONE_01,B07,validation,15,10.0,0.22258833972264988,0.21023220321437386,1.0,0.8668895887760343,0.5779263925173562,25.9061287839082,21.3,74.57883047129738,0.0,,,0.3,synthetic_vegetative,ok,independent_synthetic_two_layer_bridge_only
2026-05-13T04:00:00Z,SYNTHETIC_TWO_LAYER_SITE,ZONE_01,B07,validation,15,10.0,0.22888150968042237,0.2120358594416899,1.0,0.8505504206591431,0.5670336137727621,34.41163299049963,21.3,73.61114557787481,0.0,,,0.3,synthetic_vegetative,ok,independent_synthetic_two_layer_bridge_only
2026-05-13T04:15:00Z,SYNTHETIC_TWO_LAYER_SITE,ZONE_01,B07,validation,15,10.0,0.2338133033605314,0.21328147321280405,1.0,0.8716564328643874,0.5811042885762583,43.12819731914351,21.3,72.6347523332836,0.0,,,0.3,synthetic_vegetative,ok,independent_synthetic_two_layer_bridge_only
2026-05-13T04:30:00Z,SYNTHETIC_TWO_LAYER_SITE,ZONE_01,B07,validation,15,10.0,0.2388447211955752,0.21436670110280195,1.0,0.8543156499883959,0.5695437666589307,51.67135381902747,21.3,71.65383180329576,0.0,,,0.3,synthetic_vegetative,ok,independent_synthetic_two_layer_bridge_only
2026-05-13T04:45:00Z,SYNTHETIC_TWO_LAYER_SITE,ZONE_01,B07,validation,15,10.0,0.2433654297973547,0.21593506042778857,1.0,0.8545028805162634,0.5696685870108422,60.2163826241901,21.3,70.67258444021431,0.0,,,0.3,synthetic_vegetative,ok,independent_synthetic_two_layer_bridge_only
2026-05-13T05:00:00Z,SYNTHETIC_TWO_LAYER_SITE,ZONE_01,B07,validation,15,10.0,0.24941591550888506,0.21652499789248122,1.0,0.8621341682903279,0.5747561121935518,68.83772430709338,21.3,69.69521209589185,0.0,,,0.3,synthetic_vegetative,ok,independent_synthetic_two_layer_bridge_only
2026-05-13T05:15:00Z,SYNTHETIC_TWO_LAYER_SITE,ZONE_01,B07,validation,15,10.0,0.253119861957069,0.21852078040049183,1.0,0.8615665587407126,0.5743777058271416,77.4533898945005,21.3,68.72590002875565,0.0,,,0.3,synthetic_vegetative,ok,independent_synthetic_two_layer_bridge_only
2026-05-13T05:30:00Z,SYNTHETIC_TWO_LAYER_SITE,ZONE_01,B07,validation,15,10.0,0.2574581554416112,0.22072941856605083,1.0,0.857389137444845,0.5715927582965634,86.02728126894895,21.3,67.76879898188871,0.0,,,0.3,synthetic_vegetative,ok,independent_synthetic_two_layer_bridge_only
2026-05-13T05:45:00Z,SYNTHETIC_TWO_LAYER_SITE,ZONE_01,B07,validation,15,10.0,0.25552160336131313,0.22191170695449808,0.0,0.0,0.0,86.02728126894895,21.3,66.82800740891055,0.0,,,0.3,synthetic_vegetative,ok,independent_synthetic_two_layer_bridge_only
2026-05-13T06:00:00Z,SYNTHETIC_TWO_LAYER_SITE,ZONE_01,B07,validation,15,10.0,0.25348348532602355,0.22257115786907067,0.0,0.0,0.0,86.02728126894895,21.3,65.9075539237696,0.0,,,0.3,synthetic_vegetative,ok,independent_synthetic_two_layer_bridge_only
2026-05-13T06:15:00Z,SYNTHETIC_TWO_LAYER_SITE,ZONE_01,B07,validation,15,10.0,0.25156838825881367,0.2240312930911108,0.0,0.0,0.0,86.02728126894895,21.757821904611003,65.35006780811511,26.352683021211984,,,0.3,synthetic_vegetative,ok,independent_synthetic_two_layer_bridge_only
2026-05-13T06:30:00Z,SYNTHETIC_TWO_LAYER_SITE,ZONE_01,B07,validation,15,10.0,0.24984103817553932,0.2250743129814054,0.0,0.0,0.0,86.02728126894895,22.21368334554036,64.87091719452228,50.33802927833644,,,0.3,synthetic_vegetative,ok,independent_synthetic_two_layer_bridge_only
2026-05-13T06:45:00Z,SYNTHETIC_TWO_LAYER_SITE,ZONE_01,B07,validation,15,10.0,0.24711292924882888,0.225049549364826,0.0,0.0,0.0,86.02728126894895,22.6656322541129,64.46651905590784,71.89853442184281,,,0.3,synthetic_vegetative,ok,independent_synthetic_two_layer_bridge_only
2026-05-13T07:00:00Z,SYNTHETIC_TWO_LAYER_SITE,ZONE_01,B07,validation,15,10.0,0.2454544372869667,0.22703388769590602,0.0,0.0,0.0,86.02728126894895,23.111733315717647,64.13278034883731,91.177537357835,,,0.3,synthetic_vegetative,ok,independent_synthetic_two_layer_bridge_only
2026-05-13T07:15:00Z,SYNTHETIC_TWO_LAYER_SITE,ZONE_01,B07,validation,15,10.0,0.24424987742748935,0.2270427816378851,0.0,0.0,0.0,86.02728126894895,23.550076257122132,63.86523192859672,108.50184204715572,,,0.3,synthetic_vegetative,ok,independent_synthetic_two_layer_bridge_only
2026-05-13T07:30:00Z,SYNTHETIC_TWO_LAYER_SITE,ZONE_01,B07,validation,15,10.0,0.2421890881931048,0.2283608455684616,0.0,0.0,0.0,86.02728126894895,23.97878402655563,63.65915212436547,124.35052650210527,,,0.3,synthetic_vegetative,ok,independent_synthetic_two_layer_bridge_only
2026-05-13T07:45:00Z,SYNTHETIC_TWO_LAYER_SITE,ZONE_01,B07,validation,15,10.0,0.241437185538285,0.2284416292175933,0.0,0.0,0.0,86.02728126894895,24.39602083153301,63.509678583558916,139.31221170826657,,,0.3,synthetic_vegetative,ok,independent_synthetic_two_layer_bridge_only
2026-05-13T08:00:00Z,SYNTHETIC_TWO_LAYER_SITE,ZONE_01,B07,validation,15,10.0,0.2401016555337758,0.2284690777863026,0.0,0.0,0.0,86.02728126894895,24.8,63.411907612158835,154.033902089199,,,0.3,synthetic_vegetative,ok,independent_synthetic_two_layer_bridge_only
2026-05-13T08:15:00Z,SYNTHETIC_TWO_LAYER_SITE,ZONE_01,B07,validation,15,10.0,0.23906945287124165,0.22852753053365174,0.0,0.0,0.0,86.02728126894895,25.188991631137217,63.36098076735431,169.1651249973175,,,0.3,synthetic_vegetative,ok,independent_synthetic_two_layer_bridge_only
2026-05-13T08:30:00Z,SYNTHETIC_TWO_LAYER_SITE,ZONE_01,B07,validation,15,10.0,0.23778679220557927,0.22868696618450415,0.0,0.0,0.0,86.02728126894895,25.561330003061045,63.35215889516807,185.30144527803125,,,0.3,synthetic_vegetative,ok,independent_synthetic_two_layer_bridge_only
2026-05-13T08:45:00Z,SYNTHETIC_TWO_LAYER_SITE,ZONE_01,B07,validation,15,10.0,0.23587136931939512,0.2294802507884558,0.0,0.0,0.0,86.02728126894895,25.91542070570048,63.380884149616534,202.93148705736746,,,0.3,synthetic_vegetative,ok,independent_synthetic_two_layer_bridge_only
2026-05-13T09:00:00Z,SYNTHETIC_TWO_LAYER_SITE,ZONE_01,B07,validation,15,10.0,0.23579951591766554,0.2287253152666587,0.0,0.0,0.0,86.02728126894895,26.24974746830583,63.44283078624944,222.39135430805317,,,0.3,synthetic_vegetative,ok,independent_synthetic_two_layer_bridge_only
2026-05-13T09:15:00Z,SYNTHETIC_TWO_LAYER_SITE,ZONE_01,B07,validation,15,10.0,0.23553618928802306,0.22938499484024896,0.0,0.0,0.0,86.02728126894895,26.562878652352843,63.533945699489045,243.8298214457657,,,0.3,synthetic_vegetative,ok,independent_synthetic_two_layer_bridge_only
2026-05-13T09:30:00Z,SYNTHETIC_TWO_LAYER_SITE,ZONE_01,B07,validation,15,10.0,0.23471366122999038,0.22996976696327898,0.0,0.0,0.0,86.02728126894895,26.853473382038647,63.65047977969738,267.1869022042687,,,0.3,synthetic_vegetative,ok,independent_synthetic_two_layer_bridge_only
2026-05-13T09:45:00Z,SYNTHETIC_TWO_LAYER_SITE,ZONE_01,B07,validation,15,10.0,0.23388430154452158,0.22974195515543708,0.0,0.0,0.0,86.02728126894895,27.12028728611782,63.78901121283125,292.1874537201158,,,0.3,synthetic_vegetative,ok,independent_synthetic_two_layer_bridge_only
2026-05-13T10:00:00Z,SYNTHETIC_TWO_LAYER_SITE,ZONE_01,B07,validation,15,10.0,0.2335318712516759,0.22877778974411664,0.0,0.0,0.0,86.02728126894895,27.36217782649107,63.946461843464064,318.3504010017881,,,0.3,synthetic_vegetative,ok,independent_synthetic_two_layer_bridge_only
2026-05-13T10:15:00Z,SYNTHETIC_TWO_LAYER_SITE,ZONE_01,B07,validation,15,10.0,0.2316237221767131,0.22947598184870738,0.0,0.0,0.0,86.02728126894895,27.57810919072882,64.1201076809129,345.01305128559284,,,0.3,synthetic_vegetative,ok,independent_synthetic_two_layer_bridge_only
2026-05-13T10:30:00Z,SYNTHETIC_TWO_LAYER_SITE,ZONE_01,B07,validation,15,10.0,0.23099616617853788,0.22912349087049624,0.0,0.0,0.0,86.02728126894895,27.767156727579007,64.30758455736938,371.3688878891024,,,0.3,synthetic_vegetative,ok,independent_synthetic_two_layer_bridge_only
2026-05-13T10:45:00Z,SYNTHETIC_TWO_LAYER_SITE,ZONE_01,B07,validation,15,10.0,0.23065185105862732,0.22894963659286321,0.0,0.0,0.0,86.02728126894895,27.92851090646574,64.50688985431108,396.5162662417493,,,0.3,synthetic_vegetative,ok,independent_synthetic_two_layer_bridge_only
2026-05-13T11:00:00Z,SYNTHETIC_TWO_LAYER_SITE,ZONE_01,B07,validation,15,10.0,0.22998932303062386,0.2287323149089157,0.0,0.0,0.0,86.02728126894895,28.061480784023477,64.71638110584372,419.51464994693407,,,0.3,synthetic_vegetative,ok,independent_synthetic_two_layer_bridge_only
2026-05-13T11:15:00Z,SYNTHETIC_TWO_LAYER_SITE,ZONE_01,B07,validation,15,10.0,0.229257751251565,0.2300696420833967,0.0,0.0,0.0,86.02728126894895,28.165496962822612,64.93477217051603,439.44447817993625,,,0.3,synthetic_vegetative,ok,independent_synthetic_two_layer_bridge_only
2026-05-13T11:30:00Z,SYNTHETIC_TWO_LAYER_SITE,ZONE_01,B07,validation,15,10.0,0.2283649642762094,0.22774881775864822,0.0,0.0,0.0,86.02728126894895,28.240114029616674,65.16112754089977,455.4664866286239,,,0.3,synthetic_vegetative,ok,independent_synthetic_two_layer_bridge_only
2026-05-13T11:45:00Z,SYNTHETIC_TWO_LAYER_SITE,ZONE_01,B07,validation,15,10.0,0.2274449117482125,0.22871940373229335,0.0,0.0,0.0,86.02728126894895,28.285012462670224,65.39485523611658,466.87633192323466,,,0.3,synthetic_vegetative,ok,independent_synthetic_two_layer_bridge_only
2026-05-13T12:00:00Z,SYNTHETIC_TWO_LAYER_SITE,ZONE_01,B07,validation,15,10.0,0.22685256615201788,0.22722691550018995,0.0,0.0,0.0,86.02728126894895,28.3,65.6356985988987,473.15069227944537,,,0.3,synthetic_vegetative,ok,independent_synthetic_two_layer_bridge_only
2026-05-13T12:15:00Z,SYNTHETIC_TWO_LAYER_SITE,ZONE_01,B07,validation,15,10.0,0.22613849649131257,0.22775623203796927,0.0,0.0,0.0,86.02728126894895,28.285012462670224,65.88372719734514,473.9816120410166,,,0.3,synthetic_vegetative,ok,independent_synthetic_two_layer_bridge_only
2026-05-13T12:30:00Z,SYNTHETIC_TWO_LAYER_SITE,ZONE_01,B07,validation,15,10.0,0.22644253006808837,0.2280447147654087,0.0,0.0,0.0,86.02728126894895,28.240114029616674,66.13932691339171,469.29668267277015,,,0.3,synthetic_vegetative,ok,independent_synthetic_two_layer_bridge_only
2026-05-13T12:45:00Z,SYNTHETIC_TWO_LAYER_SITE,ZONE_01,B07,validation,15,10.0,0.22476124483721244,0.22606495697695134,0.0,0.0,0.0,86.02728126894895,28.165496962822612,66.40318918591896,459.2636488300075,,,0.3,synthetic_vegetative,ok,independent_synthetic_two_layer_bridge_only
2026-05-13T13:00:00Z,SYNTHETIC_TWO_LAYER_SITE,ZONE_01,B07,validation,15,10.0,0.22354139963558192,0.22643619917489663,0.0,0.0,0.0,86.02728126894895,28.061480784023477,66.67629926698253,444.2791245050275,,,0.3,synthetic_vegetative,ok,independent_synthetic_two_layer_bridge_only
2026-05-13T13:15:00Z,SYNTHETIC_TWO_LAYER_SITE,ZONE_01,B07,validation,15,10.0,0.22331667006988054,0.22677599598452,0.0,0.0,0.0,86.02728126894895,27.928510906465743,66.9599232454853,424.9422228561179,,,0.3,synthetic_vegetative,ok,independent_synthetic_two_layer_bridge_only
2026-05-13T13:30:00Z,SYNTHETIC_TWO_LAYER_SITE,ZONE_01,B07,validation,15,10.0,0.223686222653908,0.2263570324085263,0.0,0.0,0.0,86.02728126894895,27.76715672757901,67.25559349453576,402.0149645068973,,,0.3,synthetic_vegetative,ok,independent_synthetic_two_layer_bridge_only
2026-05-13T13:45:00Z,SYNTHETIC_TWO_LAYER_SITE,ZONE_01,B07,validation,15,10.0,0.22209394941523122,0.22643745074895963,0.0,0.0,0.0,86.02728126894895,27.57810919072882,67.56509210790738,376.3722573155428,,,0.3,synthetic_vegetative,ok,independent_synthetic_two_layer_bridge_only
2026-05-13T14:00:00Z,SYNTHETIC_TWO_LAYER_SITE,ZONE_01,B07,validation,15,10.0,0.2226616105811337,0.2261953071112085,0.0,0.0,0.0,86.02728126894895,27.362177826491074,67.89043180908763,348.94496980322106,,,0.3,synthetic_vegetative,ok,independent_synthetic_two_layer_bridge_only
2026-05-13T14:15:00Z,SYNTHETIC_TWO_LAYER_SITE,ZONE_01,B07,validation,15,10.0,0.22081438545427995,0.22498164445273547,0.0,0.0,0.0,86.02728126894895,27.12028728611782,68.23383374564976,320.66009876064436,,,0.3,synthetic_vegetative,ok,independent_synthetic_two_layer_bridge_only
2026-05-13T14:30:00Z,SYNTHETIC_TWO_LAYER_SITE,ZONE_01,B07,validation,15,10.0,0.22144528619939133,0.22576682317676725,0.0,0.0,0.0,86.02728126894895,26.853473382038647,68.59770152508723,292.38222509519323,,,0.3,synthetic_vegetative,ok,independent_synthetic_two_layer_bridge_only
2026-05-13T14:45:00Z,SYNTHETIC_TWO_LAYER_SITE,ZONE_01,B07,validation,15,10.0,0.22057363968283245,0.22471072095021472,0.0,0.0,0.0,86.02728126894895,26.562878652352843,68.98459080959135,264.860347144733,,,0.3,synthetic_vegetative,ok,independent_synthetic_two_layer_bridge_only
2026-05-13T15:00:00Z,SYNTHETIC_TWO_LAYER_SITE,ZONE_01,B07,validation,15,10.0,0.22124330044561855,0.2243601401679717,0.0,0.0,0.0,86.02728126894895,26.249747468305834,69.39717377109992,238.68378517372088,,,0.3,synthetic_vegetative,ok,independent_synthetic_two_layer_bridge_only
2026-05-13T15:15:00Z,SYNTHETIC_TWO_LAYER_SITE,ZONE_01,B07,validation,15,10.0,0.22090470935833828,0.22428083920301833,0.0,0.0,0.0,86.02728126894895,25.915420705700484,69.83819771963293,214.25019303274348,,,0.3,synthetic_vegetative,ok,independent_synthetic_two_layer_bridge_only
2026-05-13T15:30:00Z,SYNTHETIC_TWO_LAYER_SITE,ZONE_01,B07,validation,15,10.0,0.22077483678831689,0.22445738125658157,0.0,0.0,0.0,86.02728126894895,25.561330003061048,70.31043726343766,191.74784016271545,,,0.3,synthetic_vegetative,ok,independent_synthetic_two_layer_bridge_only
2026-05-13T15:45:00Z,SYNTHETIC_TWO_LAYER_SITE,ZONE_01,B07,validation,15,10.0,0.22034103545374578,0.2233078713605185,0.0,0.0,0.0,86.02728126894895,25.188991631137217,70.81663944520074,171.1533017532298,,,0.3,synthetic_vegetative,ok,independent_synthetic_two_layer_bridge_only
2026-05-13T16:00:00Z,SYNTHETIC_TWO_LAYER_SITE,ZONE_01,B07,validation,15,10.0,0.22153609095795038,0.22453636141976976,0.0,0.0,0.0,86.02728126894895,24.8,71.35946143107113,152.24459028148544,,,0.3,synthetic_vegetative,ok,independent_synthetic_two_layer_bridge_only
2026-05-13T16:15:00Z,SYNTHETIC_TWO_LAYER_SITE,ZONE_01,B07,validation,15,10.0,0.22128381271023528,0.22307195613891148,0.0,0.0,0.0,86.02728126894895,24.39602083153301,71.94140051467255,134.62865684700662,,,0.3,synthetic_vegetative,ok,independent_synthetic_two_layer_bridge_only
2026-05-13T16:30:00Z,SYNTHETIC_TWO_LAYER_SITE,ZONE_01,B07,validation,15,10.0,0.22136773676059784,0.2228361633739934,0.0,0.0,0.0,86.02728126894895,23.97878402655563,72.56471644195821,117.78116463858797,,,0.3,synthetic_vegetative,ok,independent_synthetic_two_layer_bridge_only
2026-05-13T16:45:00Z,SYNTHETIC_TWO_LAYER_SITE,ZONE_01,B07,validation,15,10.0,0.22056173928642708,0.22367900883985156,0.0,0.0,0.0,86.02728126894895,23.550076257122132,73.23134636835415,101.09556281849244,,,0.3,synthetic_vegetative,ok,independent_synthetic_two_layer_bridge_only
2026-05-13T17:00:00Z,SYNTHETIC_TWO_LAYER_SITE,ZONE_01,B07,validation,15,10.0,0.2205842566650775,0.22416614807993326,0.0,0.0,0.0,86.02728126894895,23.111733315717647,73.94281312840951,83.93782947689411,,,0.3,synthetic_vegetative,ok,independent_synthetic_two_layer_bridge_only
2026-05-13T17:15:00Z,SYNTHETIC_TWO_LAYER_SITE,ZONE_01,B07,validation,15,10.0,0.2206068948895986,0.2227639811049142,0.0,0.0,0.0,86.02728126894895,22.665632254112897,74.70012792802427,65.70285412851167,,,0.3,synthetic_vegetative,ok,independent_synthetic_two_layer_bridge_only
2026-05-13T17:30:00Z,SYNTHETIC_TWO_LAYER_SITE,ZONE_01,B07,validation,15,10.0,0.22102847644750548,0.22420039308048179,0.0,0.0,0.0,86.02728126894895,22.213683345540364,75.50368905390003,45.86832180546622,,,0.3,synthetic_vegetative,ok,independent_synthetic_two_layer_bridge_only
2026-05-13T17:45:00Z,SYNTHETIC_TWO_LAYER_SITE,ZONE_01,B07,validation,15,10.0,0.2204395275168328,0.22374776788993014,0.0,0.0,0.0,86.02728126894895,21.757821904611003,76.35317872259047,24.04214971778172,,,0.3,synthetic_vegetative,ok,independent_synthetic_two_layer_bridge_only
2026-05-13T18:00:00Z,SYNTHETIC_TWO_LAYER_SITE,ZONE_01,B07,validation,15,10.0,0.22029406434620613,0.22303418801437389,0.0,0.0,0.0,86.02728126894895,21.3,77.24746074492296,4.7110265409439185e-14,,,0.3,synthetic_vegetative,ok,independent_synthetic_two_layer_bridge_only
2026-05-13T18:15:00Z,SYNTHETIC_TWO_LAYER_SITE,ZONE_01,B07,validation,15,10.0,0.22062729388676033,0.2230877667342419,0.0,0.0,0.0,86.02728126894895,21.3,78.14363461909272,0.0,,,0.3,synthetic_vegetative,ok,independent_synthetic_two_layer_bridge_only
2026-05-13T18:30:00Z,SYNTHETIC_TWO_LAYER_SITE,ZONE_01,B07,validation,15,10.0,0.22067305920672606,0.22348900812221031,0.0,0.0,0.0,86.02728126894895,21.3,79.01169132817905,0.0,,,0.3,synthetic_vegetative,ok,independent_synthetic_two_layer_bridge_only
2026-05-13T18:45:00Z,SYNTHETIC_TWO_LAYER_SITE,ZONE_01,B07,validation,15,10.0,0.2211401350979477,0.2225192614936638,0.0,0.0,0.0,86.02728126894895,21.3,79.84791372008705,0.0,,,0.3,synthetic_vegetative,ok,independent_synthetic_two_layer_bridge_only
2026-05-13T19:00:00Z,SYNTHETIC_TWO_LAYER_SITE,ZONE_01,B07,validation,15,10.0,0.2200895280892934,0.22289240128146684,0.0,0.0,0.0,86.02728126894895,21.3,80.64872096215545,0.0,,,0.3,synthetic_vegetative,ok,independent_synthetic_two_layer_bridge_only
2026-05-13T19:15:00Z,SYNTHETIC_TWO_LAYER_SITE,ZONE_01,B07,validation,15,10.0,0.22077737339522838,0.22227112210414807,0.0,0.0,0.0,86.02728126894895,21.3,81.4106838748315,0.0,,,0.3,synthetic_vegetative,ok,independent_synthetic_two_layer_bridge_only
2026-05-13T19:30:00Z,SYNTHETIC_TWO_LAYER_SITE,ZONE_01,B07,validation,15,10.0,0.22075074130525701,0.2220860470145336,0.0,0.0,0.0,86.02728126894895,21.3,82.13053961594447,0.0,,,0.3,synthetic_vegetative,ok,independent_synthetic_two_layer_bridge_only
2026-05-13T19:45:00Z,SYNTHETIC_TWO_LAYER_SITE,ZONE_01,B07,validation,15,10.0,0.22091571927815482,0.22245431265371743,0.0,0.0,0.0,86.02728126894895,21.3,82.80520565269667,0.0,,,0.3,synthetic_vegetative,ok,independent_synthetic_two_layer_bridge_only
2026-05-13T20:00:00Z,SYNTHETIC_TWO_LAYER_SITE,ZONE_01,B07,validation,15,10.0,0.22066877272652988,0.22165556537531744,0.0,0.0,0.0,86.02728126894895,21.3,83.43179296154206,0.0,,,0.3,synthetic_vegetative,ok,independent_synthetic_two_layer_bridge_only
2026-05-13T20:15:00Z,SYNTHETIC_TWO_LAYER_SITE,ZONE_01,B07,validation,15,10.0,0.2205206595136088,0.22163324525671846,0.0,0.0,0.0,86.02728126894895,21.3,84.00761839942878,0.0,,,0.3,synthetic_vegetative,ok,independent_synthetic_two_layer_bridge_only
2026-05-13T20:30:00Z,SYNTHETIC_TWO_LAYER_SITE,ZONE_01,B07,validation,15,10.0,0.22059761031737637,0.2213075118268484,0.0,0.0,0.0,86.02728126894895,21.3,84.53021619342942,0.0,,,0.3,synthetic_vegetative,ok,independent_synthetic_two_layer_bridge_only
2026-05-13T20:45:00Z,SYNTHETIC_TWO_LAYER_SITE,ZONE_01,B07,validation,15,10.0,0.22112294941992083,0.22152608099589224,0.0,0.0,0.0,86.02728126894895,21.3,84.99734849955945,0.0,,,0.3,synthetic_vegetative,ok,independent_synthetic_two_layer_bridge_only
2026-05-13T21:00:00Z,SYNTHETIC_TWO_LAYER_SITE,ZONE_01,B07,validation,15,10.0,0.2204915784375149,0.22177944504575167,0.0,0.0,0.0,86.02728126894895,21.3,85.40701498556854,0.0,,,0.3,synthetic_vegetative,ok,independent_synthetic_two_layer_bridge_only
2026-05-13T21:15:00Z,SYNTHETIC_TWO_LAYER_SITE,ZONE_01,B07,validation,15,10.0,0.2205957534237222,0.22281788773211175,0.0,0.0,0.0,86.02728126894895,21.3,85.75746139667044,0.0,,,0.3,synthetic_vegetative,ok,independent_synthetic_two_layer_bridge_only
2026-05-13T21:30:00Z,SYNTHETIC_TWO_LAYER_SITE,ZONE_01,B07,validation,15,10.0,0.22053660649023477,0.2220575071187387,0.0,0.0,0.0,86.02728126894895,21.3,86.04718706753133,0.0,,,0.3,synthetic_vegetative,ok,independent_synthetic_two_layer_bridge_only
2026-05-13T21:45:00Z,SYNTHETIC_TWO_LAYER_SITE,ZONE_01,B07,validation,15,10.0,0.22089242541492413,0.2219523917849831,0.0,0.0,0.0,86.02728126894895,21.3,86.27495134834908,0.0,,,0.3,synthetic_vegetative,ok,independent_synthetic_two_layer_bridge_only
2026-05-13T22:00:00Z,SYNTHETIC_TWO_LAYER_SITE,ZONE_01,B07,validation,15,10.0,0.22019225514184643,0.2204136309210112,0.0,0.0,0.0,86.02728126894895,21.3,86.43977891750619,0.0,,,0.3,synthetic_vegetative,ok,independent_synthetic_two_layer_bridge_only
2026-05-13T22:15:00Z,SYNTHETIC_TWO_LAYER_SITE,ZONE_01,B07,validation,15,10.0,0.22048777699444352,0.22072686959474722,0.0,0.0,0.0,86.02728126894895,21.3,86.54096395804677,0.0,,,0.3,synthetic_vegetative,ok,independent_synthetic_two_layer_bridge_only
2026-05-13T22:30:00Z,SYNTHETIC_TWO_LAYER_SITE,ZONE_01,B07,validation,15,10.0,0.21994278229417355,0.22192549088612493,0.0,0.0,0.0,86.02728126894895,21.3,86.57807318009303,0.0,,,0.3,synthetic_vegetative,ok,independent_synthetic_two_layer_bridge_only
2026-05-13T22:45:00Z,SYNTHETIC_TWO_LAYER_SITE,ZONE_01,B07,validation,15,10.0,0.22010016074925245,0.22109864314725872,0.0,0.0,0.0,86.02728126894895,21.3,86.55094767625904,0.0,,,0.3,synthetic_vegetative,ok,independent_synthetic_two_layer_bridge_only
2026-05-13T23:00:00Z,SYNTHETIC_TWO_LAYER_SITE,ZONE_01,B07,validation,15,10.0,0.22009089375518845,0.2213928170803285,0.0,0.0,0.0,86.02728126894895,21.3,86.45970360211658,0.0,,,0.3,synthetic_vegetative,ok,independent_synthetic_two_layer_bridge_only
2026-05-13T23:15:00Z,SYNTHETIC_TWO_LAYER_SITE,ZONE_01,B07,validation,15,10.0,0.2193809567647002,0.2200737996287604,0.0,0.0,0.0,86.02728126894895,21.3,86.3047316787992,0.0,,,0.3,synthetic_vegetative,ok,independent_synthetic_two_layer_bridge_only
2026-05-13T23:30:00Z,SYNTHETIC_TWO_LAYER_SITE,ZONE_01,B07,validation,15,10.0,0.22075370256954865,0.22131599295463372,0.0,0.0,0.0,86.02728126894895,21.3,86.08669551987424,0.0,,,0.3,synthetic_vegetative,ok,independent_synthetic_two_layer_bridge_only
2026-05-13T23:45:00Z,SYNTHETIC_TWO_LAYER_SITE,ZONE_01,B07,validation,15,10.0,0.21970238127603736,0.22054587060319392,0.0,0.0,0.0,86.02728126894895,21.3,85.80652878964779,0.0,,,0.3,synthetic_vegetative,ok,independent_synthetic_two_layer_bridge_only
2026-05-14T00:00:00Z,SYNTHETIC_TWO_LAYER_SITE,ZONE_01,B07,validation,15,10.0,0.22002763922498975,0.22001126823177666,0.0,0.0,0.0,86.02728126894895,21.3,85.4654312050706,0.0,0.2202945617269813,0.22068374486870637,0.3,synthetic_vegetative,ok,independent_synthetic_two_layer_bridge_only
2026-05-15T00:00:00Z,SYNTHETIC_TWO_LAYER_SITE,ZONE_01,B08,validation,15,10.0,0.2207509695601294,0.1982951274074781,0.0,0.0,0.0,0.0,21.9,77.33062521041536,0.0,0.22,0.198,0.3,synthetic_vegetative,ok,independent_synthetic_two_layer_bridge_only
2026-05-15T00:15:00Z,SYNTHETIC_TWO_LAYER_SITE,ZONE_01,B08,validation,15,10.0,0.21818317651433589,0.19844042651541213,0.0,0.0,0.0,0.0,21.9,76.42675276689961,0.0,,,0.3,synthetic_vegetative,ok,independent_synthetic_two_layer_bridge_only
2026-05-15T00:30:00Z,SYNTHETIC_TWO_LAYER_SITE,ZONE_01,B08,validation,15,10.0,0.21694065215629846,0.1988623459085643,0.0,0.0,0.0,0.0,21.9,75.50649901065196,0.0,,,0.3,synthetic_vegetative,ok,independent_synthetic_two_layer_bridge_only
2026-05-15T00:45:00Z,SYNTHETIC_TWO_LAYER_SITE,ZONE_01,B08,validation,15,10.0,0.21635703208448182,0.19957026602716932,0.0,0.0,0.0,0.0,21.9,74.57380460953654,0.0,,,0.3,synthetic_vegetative,ok,independent_synthetic_two_layer_bridge_only
2026-05-15T01:00:00Z,SYNTHETIC_TWO_LAYER_SITE,ZONE_01,B08,validation,15,10.0,0.22151198332098782,0.20134953322497473,1.0,0.8815394136278826,0.5876929424185884,8.815394136278826,21.9,73.63266350416883,0.0,,,0.3,synthetic_vegetative,ok,independent_synthetic_two_layer_bridge_only
2026-05-15T01:15:00Z,SYNTHETIC_TWO_LAYER_SITE,ZONE_01,B08,validation,15,10.0,0.2278228431156868,0.20217295108609648,1.0,0.8585494397216444,0.5723662931477629,17.40088853349527,21.9,72.68710580524858,0.0,,,0.3,synthetic_vegetative,ok,independent_synthetic_two_layer_bridge_only
2026-05-15T01:30:00Z,SYNTHETIC_TWO_LAYER_SITE,ZONE_01,B08,validation,15,10.0,0.23180606648271881,0.2027822594785173,1.0,0.8601401016321152,0.5734267344214101,26.00228954981642,21.9,71.74118053600726,0.0,,,0.3,synthetic_vegetative,ok,independent_synthetic_two_layer_bridge_only
2026-05-15T01:45:00Z,SYNTHETIC_TWO_LAYER_SITE,ZONE_01,B08,validation,15,10.0,0.23629696593987146,0.20492372767007655,1.0,0.8670841313438739,0.5780560875625826,34.67313086325516,21.9,70.79893829366883,0.0,,,0.3,synthetic_vegetative,ok,independent_synthetic_two_layer_bridge_only
2026-05-15T02:00:00Z,SYNTHETIC_TWO_LAYER_SITE,ZONE_01,B08,validation,15,10.0,0.24084980933011876,0.20638172275062808,1.0,0.8523566734274791,0.5682377822849861,43.19669759752995,21.9,69.86441390417063,0.0,,,0.3,synthetic_vegetative,ok,independent_synthetic_two_layer_bridge_only
2026-05-15T02:15:00Z,SYNTHETIC_TWO_LAYER_SITE,ZONE_01,B08,validation,15,10.0,0.24448305170847046,0.20803150468420456,1.0,0.8593532401249447,0.5729021600832965,51.790229998779395,21.9,68.94160914441933,0.0,,,0.3,synthetic_vegetative,ok,independent_synthetic_two_layer_bridge_only
2026-05-15T02:30:00Z,SYNTHETIC_TWO_LAYER_SITE,ZONE_01,B08,validation,15,10.0,0.24970717669203701,0.20902499573257058,1.0,0.8585494879391536,0.5723663252927691,60.37572487817093,21.9,68.0344756060677,0.0,,,0.3,synthetic_vegetative,ok,independent_synthetic_two_layer_bridge_only
2026-05-15T02:45:00Z,SYNTHETIC_TWO_LAYER_SITE,ZONE_01,B08,validation,15,10.0,0.25287708124681413,0.21142354730369883,1.0,0.857578823674425,0.57171921578295,68.95151311491517,21.9,67.1468977741927,0.0,,,0.3,synthetic_vegetative,ok,independent_synthetic_two_layer_bridge_only
2026-05-15T03:00:00Z,SYNTHETIC_TWO_LAYER_SITE,ZONE_01,B08,validation,15,10.0,0.2586040463659389,0.213375813724024,1.0,0.8638568370936691,0.575904558062446,77.59008148585187,21.9,66.28267639333376,0.0,,,0.3,synthetic_vegetative,ok,independent_synthetic_two_layer_bridge_only
2026-05-15T03:15:00Z,SYNTHETIC_TWO_LAYER_SITE,ZONE_01,B08,validation,15,10.0,0.2617777326718942,0.2155616464615824,1.0,0.8567213458819047,0.5711475639212699,86.15729494467092,21.9,65.44551219212147,0.0,,,0.3,synthetic_vegetative,ok,independent_synthetic_two_layer_bridge_only
2026-05-15T03:30:00Z,SYNTHETIC_TWO_LAYER_SITE,ZONE_01,B08,validation,15,10.0,0.2649958964685933,0.21721860798393355,1.0,0.8701542634496757,0.5801028422997838,94.85883757916768,21.9,64.63899003618918,0.0,,,0.3,synthetic_vegetative,ok,independent_synthetic_two_layer_bridge_only
2026-05-15T03:45:00Z,SYNTHETIC_TWO_LAYER_SITE,ZONE_01,B08,validation,15,10.0,0.2691334612542239,0.21932466377266818,1.0,0.867445317977601,0.5782968786517341,103.53329075894369,21.9,63.866563577228106,0.0,,,0.3,synthetic_vegetative,ok,independent_synthetic_two_layer_bridge_only
2026-05-15T04:00:00Z,SYNTHETIC_TWO_LAYER_SITE,ZONE_01,B08,validation,15,10.0,0.2656269470623219,0.22161257207425944,0.0,0.0,0.0,103.53329075894369,21.9,63.13154046392064,0.0,,,0.3,synthetic_vegetative,ok,independent_synthetic_two_layer_bridge_only
2026-05-15T04:15:00Z,SYNTHETIC_TWO_LAYER_SITE,ZONE_01,B08,validation,15,10.0,0.2632685733560339,0.22324219352161814,0.0,0.0,0.0,103.53329075894369,21.9,62.43706817808072,0.0,,,0.3,synthetic_vegetative,ok,independent_synthetic_two_layer_bridge_only
2026-05-15T04:30:00Z,SYNTHETIC_TWO_LAYER_SITE,ZONE_01,B08,validation,15,10.0,0.26080879207828245,0.2247179707221572,0.0,0.0,0.0,103.53329075894369,21.9,61.78612055665364,0.0,,,0.3,synthetic_vegetative,ok,independent_synthetic_two_layer_bridge_only
2026-05-15T04:45:00Z,SYNTHETIC_TWO_LAYER_SITE,ZONE_01,B08,validation,15,10.0,0.2574526029013954,0.2269264293890015,0.0,0.0,0.0,103.53329075894369,21.9,61.181485057289684,0.0,,,0.3,synthetic_vegetative,ok,independent_synthetic_two_layer_bridge_only
2026-05-15T05:00:00Z,SYNTHETIC_TWO_LAYER_SITE,ZONE_01,B08,validation,15,10.0,0.25580961857783746,0.22880435023626286,0.0,0.0,0.0,103.53329075894369,21.9,60.625750822022425,0.0,,,0.3,synthetic_vegetative,ok,independent_synthetic_two_layer_bridge_only
2026-05-15T05:15:00Z,SYNTHETIC_TWO_LAYER_SITE,ZONE_01,B08,validation,15,10.0,0.2545748657084599,0.228618467411633,0.0,0.0,0.0,103.53329075894369,21.9,60.121297590165156,0.0,,,0.3,synthetic_vegetative,ok,independent_synthetic_two_layer_bridge_only
2026-05-15T05:30:00Z,SYNTHETIC_TWO_LAYER_SITE,ZONE_01,B08,validation,15,10.0,0.2526967698470346,0.22937303706142093,0.0,0.0,0.0,103.53329075894369,21.9,59.67028550790177,0.0,,,0.3,synthetic_vegetative,ok,independent_synthetic_two_layer_bridge_only
2026-05-15T05:45:00Z,SYNTHETIC_TWO_LAYER_SITE,ZONE_01,B08,validation,15,10.0,0.2512396094382245,0.23037613157592224,0.0,0.0,0.0,103.53329075894369,21.9,59.27464587820914,0.0,,,0.3,synthetic_vegetative,ok,independent_synthetic_two_layer_bridge_only
2026-05-15T06:00:00Z,SYNTHETIC_TWO_LAYER_SITE,ZONE_01,B08,validation,15,10.0,0.24934625399294147,0.23109689684856474,0.0,0.0,0.0,103.53329075894369,21.9,58.93607289072131,0.0,,,0.3,synthetic_vegetative,ok,independent_synthetic_two_layer_bridge_only
2026-05-15T06:15:00Z,SYNTHETIC_TWO_LAYER_SITE,ZONE_01,B08,validation,15,10.0,0.24823389820570607,0.2308039723932059,0.0,0.0,0.0,103.53329075894369,22.357821904611,59.18755356928638,24.72838638323034,,,0.3,synthetic_vegetative,ok,independent_synthetic_two_layer_bridge_only
2026-05-15T06:30:00Z,SYNTHETIC_TWO_LAYER_SITE,ZONE_01,B08,validation,15,10.0,0.24666174602415478,0.23219207867557665,0.0,0.0,0.0,103.53329075894369,22.81368334554036,59.50645996730983,47.37350274459377,,,0.3,synthetic_vegetative,ok,independent_synthetic_two_layer_bridge_only
2026-05-15T06:45:00Z,SYNTHETIC_TWO_LAYER_SITE,ZONE_01,B08,validation,15,10.0,0.2459311941784086,0.23306188165760383,0.0,0.0,0.0,103.53329075894369,23.265632254112898,59.885697606477926,68.35792581856735,,,0.3,synthetic_vegetative,ok,independent_synthetic_two_layer_bridge_only
2026-05-15T07:00:00Z,SYNTHETIC_TWO_LAYER_SITE,ZONE_01,B08,validation,15,10.0,0.24477924405204735,0.23375254064227427,0.0,0.0,0.0,103.53329075894369,23.711733315717645,60.31826637210962,88.24477918763216,,,0.3,synthetic_vegetative,ok,independent_synthetic_two_layer_bridge_only
2026-05-15T07:15:00Z,SYNTHETIC_TWO_LAYER_SITE,ZONE_01,B08,validation,15,10.0,0.2431552768305719,0.2337164545400062,0.0,0.0,0.0,103.53329075894369,24.15007625712213,60.79735858119386,107.68555986152687,,,0.3,synthetic_vegetative,ok,independent_synthetic_two_layer_bridge_only
2026-05-15T07:30:00Z,SYNTHETIC_TWO_LAYER_SITE,ZONE_01,B08,validation,15,10.0,0.2425437795726586,0.23436322138849813,0.0,0.0,0.0,103.53329075894369,24.578784026555628,61.316440386591985,127.36111485190946,,,0.3,synthetic_vegetative,ok,independent_synthetic_two_layer_bridge_only
2026-05-15T07:45:00Z,SYNTHETIC_TWO_LAYER_SITE,ZONE_01,B08,validation,15,10.0,0.24201753650680202,0.23456362090452573,0.0,0.0,0.0,103.53329075894369,24.99602083153301,61.86931712537253,147.920106732532,,,0.3,synthetic_vegetative,ok,independent_synthetic_two_layer_bridge_only
2026-05-15T08:00:00Z,SYNTHETIC_TWO_LAYER_SITE,ZONE_01,B08,validation,15,10.0,0.2414034561691384,0.23495728558632695,0.0,0.0,0.0,103.53329075894369,25.4,62.45018360155519,169.91949637593572,,,0.3,synthetic_vegetative,ok,independent_synthetic_two_layer_bridge_only
2026-05-15T08:15:00Z,SYNTHETIC_TWO_LAYER_SITE,ZONE_01,B08,validation,15,10.0,0.23949768004539249,0.235728956558645,0.0,0.0,0.0,103.53329075894369,25.788991631137215,63.053660567977076,193.77143467030157,,,0.3,synthetic_vegetative,ok,independent_synthetic_two_layer_bridge_only
2026-05-15T08:30:00Z,SYNTHETIC_TWO_LAYER_SITE,ZONE_01,B08,validation,15,10.0,0.23820370276486114,0.23505051887540068,0.0,0.0,0.0,103.53329075894369,26.161330003061043,63.674818848372496,219.70050263482807,,,0.3,synthetic_vegetative,ok,independent_synthetic_two_layer_bridge_only
2026-05-15T08:45:00Z,SYNTHETIC_TWO_LAYER_SITE,ZONE_01,B08,validation,15,10.0,0.237934947644154,0.23447542782380631,0.0,0.0,0.0,103.53329075894369,26.51542070570048,64.30919263149136,247.7145031804016,,,0.3,synthetic_vegetative,ok,independent_synthetic_two_layer_bridge_only
2026-05-15T09:00:00Z,SYNTHETIC_TWO_LAYER_SITE,ZONE_01,B08,validation,15,10.0,0.23744631547417208,0.23422670632561324,0.0,0.0,0.0,103.53329075894369,26.84974746830583,64.95278348787753,277.5910403373219,,,0.3,synthetic_vegetative,ok,independent_synthetic_two_layer_bridge_only
2026-05-15T09:15:00Z,SYNTHETIC_TWO_LAYER_SITE,ZONE_01,B08,validation,15,10.0,0.2364978329337623,0.23415850275952943,0.0,0.0,0.0,103.53329075894369,27.16287865235284,65.60205662075163,308.88099219503954,,,0.3,synthetic_vegetative,ok,independent_synthetic_two_layer_bridge_only
2026-05-15T09:30:00Z,SYNTHETIC_TWO_LAYER_SITE,ZONE_01,B08,validation,15,10.0,0.23627372139739602,0.23353395485288458,0.0,0.0,0.0,103.53329075894369,27.453473382038645,66.25393077869815,340.92877280284614,,,0.3,synthetic_vegetative,ok,independent_synthetic_two_layer_bridge_only
2026-05-15T09:45:00Z,SYNTHETIC_TWO_LAYER_SITE,ZONE_01,B08,validation,15,10.0,0.23470571844332963,0.23396450239547847,0.0,0.0,0.0,103.53329075894369,27.720287286117816,66.90576314182168,372.9080724591281,,,0.3,synthetic_vegetative,ok,independent_synthetic_two_layer_bridge_only
2026-05-15T10:00:00Z,SYNTHETIC_TWO_LAYER_SITE,ZONE_01,B08,validation,15,10.0,0.2348777973238576,0.23392399899384902,0.0,0.0,0.0,103.53329075894369,27.962177826491068,67.55533035551007,403.8706514360858,,,0.3,synthetic_vegetative,ok,independent_synthetic_two_layer_bridge_only
2026-05-15T10:15:00Z,SYNTHETIC_TWO_LAYER_SITE,ZONE_01,B08,validation,15,10.0,0.23407007033272384,0.23337239681725788,0.0,0.0,0.0,103.53329075894369,28.17810919072882,68.20080673605504,432.8048190179537,,,0.3,synthetic_vegetative,ok,independent_synthetic_two_layer_bridge_only
2026-05-15T10:30:00Z,SYNTHETIC_TWO_LAYER_SITE,ZONE_01,B08,validation,15,10.0,0.23226294473795733,0.2342192945705422,0.0,0.0,0.0,103.53329075894369,28.367156727579005,68.84074051757389,458.69952534702423,,,0.3,synthetic_vegetative,ok,independent_synthetic_two_layer_bridge_only
2026-05-15T10:45:00Z,SYNTHETIC_TWO_LAYER_SITE,ZONE_01,B08,validation,15,10.0,0.2327619582098369,0.2340210532067511,0.0,0.0,0.0,103.53329075894369,28.528510906465737,69.47402885576494,480.6095785162351,,,0.3,synthetic_vegetative,ok,independent_synthetic_two_layer_bridge_only
2026-05-15T11:00:00Z,SYNTHETIC_TWO_LAYER_SITE,ZONE_01,B08,validation,15,10.0,0.23256517850593375,0.2338319002521544,0.0,0.0,0.0,103.53329075894369,28.661480784023475,70.09989215535698,497.7174035168206,,,0.3,synthetic_vegetative,ok,independent_synthetic_two_layer_bridge_only
2026-05-15T11:15:00Z,SYNTHETIC_TWO_LAYER_SITE,ZONE_01,B08,validation,15,10.0,0.2321397607093326,0.23295883087624708,0.0,0.0,0.0,103.53329075894369,28.76549696282261,70.71784814774489,509.3869901546348,,,0.3,synthetic_vegetative,ok,independent_synthetic_two_layer_bridge_only
2026-05-15T11:30:00Z,SYNTHETIC_TWO_LAYER_SITE,ZONE_01,B08,validation,15,10.0,0.2307459718246068,0.23261187822842008,0.0,0.0,0.0,103.53329075894369,28.84011402961667,71.32768601523935,515.2062176995208,,,0.3,synthetic_vegetative,ok,independent_synthetic_two_layer_bridge_only
2026-05-15T11:45:00Z,SYNTHETIC_TWO_LAYER_SITE,ZONE_01,B08,validation,15,10.0,0.22980718797903682,0.23250907700267853,0.0,0.0,0.0,103.53329075894369,28.885012462670222,71.929440739772,515.0145564907148,,,0.3,synthetic_vegetative,ok,independent_synthetic_two_layer_bridge_only
2026-05-15T12:00:00Z,SYNTHETIC_TWO_LAYER_SITE,ZONE_01,B08,validation,15,10.0,0.22869898841061823,0.23244127127341818,0.0,0.0,0.0,103.53329075894369,28.9,72.52336774733705,508.91417323622164,,,0.3,synthetic_vegetative,ok,independent_synthetic_two_layer_bridge_only
2026-05-15T12:15:00Z,SYNTHETIC_TWO_LAYER_SITE,ZONE_01,B08,validation,15,10.0,0.22876340237785459,0.23209277738017484,0.0,0.0,0.0,103.53329075894369,28.885012462670222,73.10991782506457,497.2636342716491,,,0.3,synthetic_vegetative,ok,independent_synthetic_two_layer_bridge_only
2026-05-15T12:30:00Z,SYNTHETIC_TWO_LAYER_SITE,ZONE_01,B08,validation,15,10.0,0.22797906447506644,0.23004270195242796,0.0,0.0,0.0,103.53329075894369,28.84011402961667,73.68971220552413,480.65462646250916,,,0.3,synthetic_vegetative,ok,independent_synthetic_two_layer_bridge_only
2026-05-15T12:45:00Z,SYNTHETIC_TWO_LAYER_SITE,ZONE_01,B08,validation,15,10.0,0.22761800094392134,0.23004733026908766,0.0,0.0,0.0,103.53329075894369,28.76549696282261,74.26351764251264,459.87331147849756,,,0.3,synthetic_vegetative,ok,independent_synthetic_two_layer_bridge_only
2026-05-15T13:00:00Z,SYNTHETIC_TWO_LAYER_SITE,ZONE_01,B08,validation,15,10.0,0.2266497210943346,0.22983701997968747,0.0,0.0,0.0,103.53329075894369,28.661480784023475,74.8322212441255,435.8490106611182,,,0.3,synthetic_vegetative,ok,independent_synthetic_two_layer_bridge_only
2026-05-15T13:15:00Z,SYNTHETIC_TWO_LAYER_SITE,ZONE_01,B08,validation,15,10.0,0.22646276500405174,0.2304398873561486,0.0,0.0,0.0,103.53329075894369,28.52851090646574,75.39680478247904,409.5938076388296,,,0.3,synthetic_vegetative,ok,independent_synthetic_two_layer_bridge_only
2026-05-15T13:30:00Z,SYNTHETIC_TWO_LAYER_SITE,ZONE_01,B08,validation,15,10.0,0.22716835179258035,0.22832382382875097,0.0,0.0,0.0,103.53329075894369,28.367156727579008,75.95831816547454,382.1372908757081,,,0.3,synthetic_vegetative,ok,independent_synthetic_two_layer_bridge_only
2026-05-15T13:45:00Z,SYNTHETIC_TWO_LAYER_SITE,ZONE_01,B08,validation,15,10.0,0.2262163589439715,0.22826888177717763,0.0,0.0,0.0,103.53329075894369,28.17810919072882,76.51785173524783,354.4609933190637,,,0.3,synthetic_vegetative,ok,independent_synthetic_two_layer_bridge_only
2026-05-15T14:00:00Z,SYNTHETIC_TWO_LAYER_SITE,ZONE_01,B08,validation,15,10.0,0.22580344605363714,0.22852222186792231,0.0,0.0,0.0,103.53329075894369,27.96217782649107,77.07650705161481,327.43709749907066,,,0.3,synthetic_vegetative,ok,independent_synthetic_two_layer_bridge_only
2026-05-15T14:15:00Z,SYNTHETIC_TWO_LAYER_SITE,ZONE_01,B08,validation,15,10.0,0.2251857663057732,0.2287568437050206,0.0,0.0,0.0,103.53329075894369,27.720287286117816,77.63536582848846,301.7756611949174,,,0.3,synthetic_vegetative,ok,independent_synthetic_two_layer_bridge_only
2026-05-15T14:30:00Z,SYNTHETIC_TWO_LAYER_SITE,ZONE_01,B08,validation,15,10.0,0.22464981986082852,0.2287252946128361,0.0,0.0,0.0,103.53329075894369,27.453473382038645,78.19545671887127,277.984003630162,,,0.3,synthetic_vegetative,ok,independent_synthetic_two_layer_bridge_only
2026-05-15T14:45:00Z,SYNTHETIC_TWO_LAYER_SITE,ZONE_01,B08,validation,15,10.0,0.22433746969904825,0.22878593500336009,0.0,0.0,0.0,103.53329075894369,27.16287865235284,78.75771969190724,256.3410191439892,,,0.3,synthetic_vegetative,ok,independent_synthetic_two_layer_bridge_only
2026-05-15T15:00:00Z,SYNTHETIC_TWO_LAYER_SITE,ZONE_01,B08,validation,15,10.0,0.22397043391590993,0.2285193767572598,0.0,0.0,0.0,103.53329075894369,26.849747468305832,79.32296781609486,236.88811684072513,,,0.3,synthetic_vegetative,ok,independent_synthetic_two_layer_bridge_only
2026-05-15T15:15:00Z,SYNTHETIC_TWO_LAYER_SITE,ZONE_01,B08,validation,15,10.0,0.22438952331453937,0.22740286117042,0.0,0.0,0.0,103.53329075894369,26.515420705700482,79.89184635864827,219.4372972069808,,,0.3,synthetic_vegetative,ok,independent_synthetic_two_layer_bridge_only
2026-05-15T15:30:00Z,SYNTHETIC_TWO_LAYER_SITE,ZONE_01,B08,validation,15,10.0,0.2236190324137565,0.2276267263614085,0.0,0.0,0.0,103.53329075894369,26.161330003061046,80.46478923449203,203.5956549307896,,,0.3,synthetic_vegetative,ok,independent_synthetic_two_layer_bridge_only
2026-05-15T15:45:00Z,SYNTHETIC_TWO_LAYER_SITE,ZONE_01,B08,validation,15,10.0,0.22522855702240974,0.2271289033438092,0.0,0.0,0.0,103.53329075894369,25.788991631137215,81.04197299135663,188.8044283923043,,,0.3,synthetic_vegetative,ok,independent_synthetic_two_layer_bridge_only
2026-05-15T16:00:00Z,SYNTHETIC_TWO_LAYER_SITE,ZONE_01,B08,validation,15,10.0,0.2242973816789447,0.22750165228906072,0.0,0.0,0.0,103.53329075894369,25.4,81.62326870095583,174.3896839263027,,,0.3,synthetic_vegetative,ok,independent_synthetic_two_layer_bridge_only
2026-05-15T16:15:00Z,SYNTHETIC_TWO_LAYER_SITE,ZONE_01,B08,validation,15,10.0,0.22427407205632685,0.22756615805153288,0.0,0.0,0.0,103.53329075894369,24.99602083153301,82.20819234008438,159.6209006031202,,,0.3,synthetic_vegetative,ok,independent_synthetic_two_layer_bridge_only
2026-05-15T16:30:00Z,SYNTHETIC_TWO_LAYER_SITE,ZONE_01,B08,validation,15,10.0,0.22385761000798315,0.22709118721335772,0.0,0.0,0.0,103.53329075894369,24.578784026555628,82.79585448779599,143.7731675134722,,,0.3,synthetic_vegetative,ok,independent_synthetic_two_layer_bridge_only
2026-05-15T16:45:00Z,SYNTHETIC_TWO_LAYER_SITE,ZONE_01,B08,validation,15,10.0,0.22353242113693003,0.22677536506298956,0.0,0.0,0.0,103.53329075894369,24.15007625712213,83.38491043154676,126.1884597249209,,,0.3,synthetic_vegetative,ok,independent_synthetic_two_layer_bridge_only
2026-05-15T17:00:00Z,SYNTHETIC_TWO_LAYER_SITE,ZONE_01,B08,validation,15,10.0,0.2235153097121502,0.22703326021902248,0.0,0.0,0.0,103.53329075894369,23.711733315717645,83.97351205961213,106.33153852055743,,,0.3,synthetic_vegetative,ok,independent_synthetic_two_layer_bridge_only
2026-05-15T17:15:00Z,SYNTHETIC_TWO_LAYER_SITE,ZONE_01,B08,validation,15,10.0,0.22430166771478943,0.2255438009350413,0.0,0.0,0.0,103.53329075894369,23.265632254112894,84.55926320942048,83.83642028437737,,,0.3,synthetic_vegetative,ok,independent_synthetic_two_layer_bridge_only
2026-05-15T17:30:00Z,SYNTHETIC_TWO_LAYER_SITE,ZONE_01,B08,validation,15,10.0,0.22422964364194123,0.22598222635835594,0.0,0.0,0.0,103.53329075894369,22.813683345540362,85.13918042852295,58.540047677049934,,,0.3,synthetic_vegetative,ok,independent_synthetic_two_layer_bridge_only
2026-05-15T17:45:00Z,SYNTHETIC_TWO_LAYER_SITE,ZONE_01,B08,validation,15,10.0,0.22355292339989655,0.2261610184224297,0.0,0.0,0.0,103.53329075894369,22.357821904611,85.70966137005301,30.500726991042377,,,0.3,synthetic_vegetative,ok,independent_synthetic_two_layer_bridge_only
2026-05-15T18:00:00Z,SYNTHETIC_TWO_LAYER_SITE,ZONE_01,B08,validation,15,10.0,0.22491961697137966,0.22678493320502813,0.0,0.0,0.0,103.53329075894369,21.9,86.26646326763287,5.909790895864443e-14,,,0.3,synthetic_vegetative,ok,independent_synthetic_two_layer_bridge_only
2026-05-15T18:15:00Z,SYNTHETIC_TWO_LAYER_SITE,ZONE_01,B08,validation,15,10.0,0.22406335896824434,0.22645391605139648,0.0,0.0,0.0,103.53329075894369,21.9,86.54651979140479,0.0,,,0.3,synthetic_vegetative,ok,independent_synthetic_two_layer_bridge_only
2026-05-15T18:30:00Z,SYNTHETIC_TWO_LAYER_SITE,ZONE_01,B08,validation,15,10.0,0.22416091436032964,0.22582485187650772,0.0,0.0,0.0,103.53329075894369,21.9,86.76686060643097,0.0,,,0.3,synthetic_vegetative,ok,independent_synthetic_two_layer_bridge_only
2026-05-15T18:45:00Z,SYNTHETIC_TWO_LAYER_SITE,ZONE_01,B08,validation,15,10.0,0.22319680291856997,0.2258108556120602,0.0,0.0,0.0,103.53329075894369,21.9,86.92654217951412,0.0,,,0.3,synthetic_vegetative,ok,independent_synthetic_two_layer_bridge_only
2026-05-15T19:00:00Z,SYNTHETIC_TWO_LAYER_SITE,ZONE_01,B08,validation,15,10.0,0.2236854742510395,0.2264139753567654,0.0,0.0,0.0,103.53329075894369,21.9,87.02488072964353,0.0,,,0.3,synthetic_vegetative,ok,independent_synthetic_two_layer_bridge_only
2026-05-15T19:15:00Z,SYNTHETIC_TWO_LAYER_SITE,ZONE_01,B08,validation,15,10.0,0.2244128362653916,0.22604352635085923,0.0,0.0,0.0,103.53329075894369,21.9,87.06145515605034,0.0,,,0.3,synthetic_vegetative,ok,independent_synthetic_two_layer_bridge_only
2026-05-15T19:30:00Z,SYNTHETIC_TWO_LAYER_SITE,ZONE_01,B08,validation,15,10.0,0.22354837609189437,0.22507042378211606,0.0,0.0,0.0,103.53329075894369,21.9,87.03610884142567,0.0,,,0.3,synthetic_vegetative,ok,independent_synthetic_two_layer_bridge_only
2026-05-15T19:45:00Z,SYNTHETIC_TWO_LAYER_SITE,ZONE_01,B08,validation,15,10.0,0.22448088649930986,0.2254817262456396,0.0,0.0,0.0,103.53329075894369,21.9,86.94895032258,0.0,,,0.3,synthetic_vegetative,ok,independent_synthetic_two_layer_bridge_only
2026-05-15T20:00:00Z,SYNTHETIC_TWO_LAYER_SITE,ZONE_01,B08,validation,15,10.0,0.2235065184513901,0.22506434018089228,0.0,0.0,0.0,103.53329075894369,21.9,86.80035282567181,0.0,,,0.3,synthetic_vegetative,ok,independent_synthetic_two_layer_bridge_only
2026-05-15T20:15:00Z,SYNTHETIC_TWO_LAYER_SITE,ZONE_01,B08,validation,15,10.0,0.2247575302494212,0.22593187502074125,0.0,0.0,0.0,103.53329075894369,21.9,86.59095266799599,0.0,,,0.3,synthetic_vegetative,ok,independent_synthetic_two_layer_bridge_only
2026-05-15T20:30:00Z,SYNTHETIC_TWO_LAYER_SITE,ZONE_01,B08,validation,15,10.0,0.22542245325580992,0.22530708361429866,0.0,0.0,0.0,103.53329075894369,21.9,86.3216465331754,0.0,,,0.3,synthetic_vegetative,ok,independent_synthetic_two_layer_bridge_only
2026-05-15T20:45:00Z,SYNTHETIC_TWO_LAYER_SITE,ZONE_01,B08,validation,15,10.0,0.2238942062477417,0.22520469167786872,0.0,0.0,0.0,103.53329075894369,21.9,85.99358763142395,0.0,,,0.3,synthetic_vegetative,ok,independent_synthetic_two_layer_bridge_only
2026-05-15T21:00:00Z,SYNTHETIC_TWO_LAYER_SITE,ZONE_01,B08,validation,15,10.0,0.22348402275292628,0.22491705200900444,0.0,0.0,0.0,103.53329075894369,21.9,85.6081807613235,0.0,,,0.3,synthetic_vegetative,ok,independent_synthetic_two_layer_bridge_only
2026-05-15T21:15:00Z,SYNTHETIC_TWO_LAYER_SITE,ZONE_01,B08,validation,15,10.0,0.2242457708807542,0.22511346294120557,0.0,0.0,0.0,103.53329075894369,21.9,85.16707629426051,0.0,,,0.3,synthetic_vegetative,ok,independent_synthetic_two_layer_bridge_only
2026-05-15T21:30:00Z,SYNTHETIC_TWO_LAYER_SITE,ZONE_01,B08,validation,15,10.0,0.2247718322468155,0.2249443167850088,0.0,0.0,0.0,103.53329075894369,21.9,84.67216310728259,0.0,,,0.3,synthetic_vegetative,ok,independent_synthetic_two_layer_bridge_only
2026-05-15T21:45:00Z,SYNTHETIC_TWO_LAYER_SITE,ZONE_01,B08,validation,15,10.0,0.22391999485485417,0.2249543158823092,0.0,0.0,0.0,103.53329075894369,21.9,84.12556049463677,0.0,,,0.3,synthetic_vegetative,ok,independent_synthetic_two_layer_bridge_only
2026-05-15T22:00:00Z,SYNTHETIC_TWO_LAYER_SITE,ZONE_01,B08,validation,15,10.0,0.2240505636795307,0.22503897169915996,0.0,0.0,0.0,103.53329075894369,21.9,83.52960909262642,0.0,,,0.3,synthetic_vegetative,ok,independent_synthetic_two_layer_bridge_only
2026-05-15T22:15:00Z,SYNTHETIC_TWO_LAYER_SITE,ZONE_01,B08,validation,15,10.0,0.2235158227145836,0.22401296702160403,0.0,0.0,0.0,103.53329075894369,21.9,82.88686085664703,0.0,,,0.3,synthetic_vegetative,ok,independent_synthetic_two_layer_bridge_only
2026-05-15T22:30:00Z,SYNTHETIC_TWO_LAYER_SITE,ZONE_01,B08,validation,15,10.0,0.22386621252418845,0.2250470669293821,0.0,0.0,0.0,103.53329075894369,21.9,82.2000681333216,0.0,,,0.3,synthetic_vegetative,ok,independent_synthetic_two_layer_bridge_only
2026-05-15T22:45:00Z,SYNTHETIC_TWO_LAYER_SITE,ZONE_01,B08,validation,15,10.0,0.22259967802636849,0.22641698472161761,0.0,0.0,0.0,103.53329075894369,21.9,81.47217187452972,0.0,,,0.3,synthetic_vegetative,ok,independent_synthetic_two_layer_bridge_only
2026-05-15T23:00:00Z,SYNTHETIC_TWO_LAYER_SITE,ZONE_01,B08,validation,15,10.0,0.22387923912260527,0.22503976880947002,0.0,0.0,0.0,103.53329075894369,21.9,80.70628904380021,0.0,,,0.3,synthetic_vegetative,ok,independent_synthetic_two_layer_bridge_only
2026-05-15T23:15:00Z,SYNTHETIC_TWO_LAYER_SITE,ZONE_01,B08,validation,15,10.0,0.22412690266960952,0.22461929498240665,0.0,0.0,0.0,103.53329075894369,21.9,79.90569926899472,0.0,,,0.3,synthetic_vegetative,ok,independent_synthetic_two_layer_bridge_only
2026-05-15T23:30:00Z,SYNTHETIC_TWO_LAYER_SITE,ZONE_01,B08,validation,15,10.0,0.22369761387868176,0.22548271641444126,0.0,0.0,0.0,103.53329075894369,21.9,79.07383079843775,0.0,,,0.3,synthetic_vegetative,ok,independent_synthetic_two_layer_bridge_only
2026-05-15T23:45:00Z,SYNTHETIC_TWO_LAYER_SITE,ZONE_01,B08,validation,15,10.0,0.223372524570719,0.22546717695448515,0.0,0.0,0.0,103.53329075894369,21.9,78.214245820631,0.0,,,0.3,synthetic_vegetative,ok,independent_synthetic_two_layer_bridge_only
2026-05-16T00:00:00Z,SYNTHETIC_TWO_LAYER_SITE,ZONE_01,B08,validation,15,10.0,0.22330014545179028,0.2246315627635881,0.0,0.0,0.0,103.53329075894369,21.9,77.33062521041536,0.0,0.22392387840468306,0.22481492787200802,0.3,synthetic_vegetative,ok,independent_synthetic_two_layer_bridge_only
2026-05-17T00:00:00Z,SYNTHETIC_TWO_LAYER_SITE,ZONE_01,B09,validation,15,10.0,0.20233888703624012,0.20784189726527152,0.0,0.0,0.0,0.0,20.1,61.4176745672578,0.0,0.202,0.208,0.3,synthetic_vegetative,ok,independent_synthetic_two_layer_bridge_only
2026-05-17T00:15:00Z,SYNTHETIC_TWO_LAYER_SITE,ZONE_01,B09,validation,15,10.0,0.20257133018788195,0.2069119335751127,0.0,0.0,0.0,0.0,20.1,60.516394008540495,0.0,,,0.3,synthetic_vegetative,ok,independent_synthetic_two_layer_bridge_only
2026-05-17T00:30:00Z,SYNTHETIC_TWO_LAYER_SITE,ZONE_01,B09,validation,15,10.0,0.2021256441719662,0.2068911520300293,0.0,0.0,0.0,0.0,20.1,59.65314628071226,0.0,,,0.3,synthetic_vegetative,ok,independent_synthetic_two_layer_bridge_only
2026-05-17T00:45:00Z,SYNTHETIC_TWO_LAYER_SITE,ZONE_01,B09,validation,15,10.0,0.20160602871119476,0.20701679072350096,0.0,0.0,0.0,0.0,20.1,58.831627943071815,0.0,,,0.3,synthetic_vegetative,ok,independent_synthetic_two_layer_bridge_only
2026-05-17T01:00:00Z,SYNTHETIC_TWO_LAYER_SITE,ZONE_01,B09,validation,15,10.0,0.2029124224778683,0.20687801761412075,0.0,0.0,0.0,0.0,20.1,58.055356863262766,0.0,,,0.3,synthetic_vegetative,ok,independent_synthetic_two_layer_bridge_only
2026-05-17T01:15:00Z,SYNTHETIC_TWO_LAYER_SITE,ZONE_01,B09,validation,15,10.0,0.2025311823662437,0.20623951314389588,0.0,0.0,0.0,0.0,20.1,57.32765715322412,0.0,,,0.3,synthetic_vegetative,ok,independent_synthetic_two_layer_bridge_only
2026-05-17T01:30:00Z,SYNTHETIC_TWO_LAYER_SITE,ZONE_01,B09,validation,15,10.0,0.20178583560839844,0.2072703867612052,0.0,0.0,0.0,0.0,20.1,56.65164493483279,0.0,,,0.3,synthetic_vegetative,ok,independent_synthetic_two_layer_bridge_only
2026-05-17T01:45:00Z,SYNTHETIC_TWO_LAYER_SITE,ZONE_01,B09,validation,15,10.0,0.20359660721654754,0.2063010228454974,0.0,0.0,0.0,0.0,20.1,56.030214996191205,0.0,,,0.3,synthetic_vegetative,ok,independent_synthetic_two_layer_bridge_only
2026-05-17T02:00:00Z,SYNTHETIC_TWO_LAYER_SITE,ZONE_01,B09,validation,15,10.0,0.20943756181276568,0.20671743607903348,1.0,0.8687031752118893,0.5791354501412596,8.687031752118893,20.1,55.46602839570025,0.0,,,0.3,synthetic_vegetative,ok,independent_synthetic_two_layer_bridge_only
2026-05-17T02:15:00Z,SYNTHETIC_TWO_LAYER_SITE,ZONE_01,B09,validation,15,10.0,0.21549518045592506,0.20664148926986833,1.0,0.8641443632270782,0.5760962421513854,17.328475384389677,20.1,54.9615010669988,0.0,,,0.3,synthetic_vegetative,ok,independent_synthetic_two_layer_bridge_only
2026-05-17T02:30:00Z,SYNTHETIC_TWO_LAYER_SITE,ZONE_01,B09,validation,15,10.0,0.2217685328276947,0.20734501275533285,1.0,0.8717952410523023,0.5811968273682016,26.046427794912702,20.1,54.51879347356474,0.0,,,0.3,synthetic_vegetative,ok,independent_synthetic_two_layer_bridge_only
2026-05-17T02:45:00Z,SYNTHETIC_TWO_LAYER_SITE,ZONE_01,B09,validation,15,10.0,0.2276655672072686,0.2084167365141157,1.0,0.8649851949309659,0.5766567966206441,34.696279744222366,20.1,54.139801357278884,0.0,,,0.3,synthetic_vegetative,ok,independent_synthetic_two_layer_bridge_only
2026-05-17T03:00:00Z,SYNTHETIC_TWO_LAYER_SITE,ZONE_01,B09,validation,15,10.0,0.23288591876158654,0.20913638107404506,1.0,0.8607616698790722,0.5738411132527148,43.30389644301309,20.1,53.82614762056708,0.0,,,0.3,synthetic_vegetative,ok,independent_synthetic_two_layer_bridge_only
2026-05-17T03:15:00Z,SYNTHETIC_TWO_LAYER_SITE,ZONE_01,B09,validation,15,10.0,0.237793350327086,0.2101207892928171,1.0,0.8679952833564779,0.578663522237652,51.98384927657787,20.1,53.57917537688295,0.0,,,0.3,synthetic_vegetative,ok,independent_synthetic_two_layer_bridge_only
2026-05-17T03:30:00Z,SYNTHETIC_TWO_LAYER_SITE,ZONE_01,B09,validation,15,10.0,0.24328188725387925,0.2123557091822236,1.0,0.8527204548227357,0.5684803032151572,60.51105382480523,20.1,53.3999421992898,0.0,,,0.3,synthetic_vegetative,ok,independent_synthetic_two_layer_bridge_only
2026-05-17T03:45:00Z,SYNTHETIC_TWO_LAYER_SITE,ZONE_01,B09,validation,15,10.0,0.24816539707779972,0.21317733721821994,1.0,0.8578999328065654,0.5719332885377103,69.09005315287088,20.1,53.289215591770464,0.0,,,0.3,synthetic_vegetative,ok,independent_synthetic_two_layer_bridge_only
2026-05-17T04:00:00Z,SYNTHETIC_TWO_LAYER_SITE,ZONE_01,B09,validation,15,10.0,0.2518592483441165,0.2144360980505072,1.0,0.862407589765266,0.5749383931768439,77.71412905052354,20.1,53.24746970265741,0.0,,,0.3,synthetic_vegetative,ok,independent_synthetic_two_layer_bridge_only
2026-05-17T04:15:00Z,SYNTHETIC_TWO_LAYER_SITE,ZONE_01,B09,validation,15,10.0,0.2549443380345491,0.21737121574622703,1.0,0.8337691805255373,0.5558461203503582,86.05182085577891,20.1,53.27488329425676,0.0,,,0.3,synthetic_vegetative,ok,independent_synthetic_two_layer_bridge_only
2026-05-17T04:30:00Z,SYNTHETIC_TWO_LAYER_SITE,ZONE_01,B09,validation,15,10.0,0.25932210321350513,0.21802696891791662,1.0,0.871074810304341,0.580716540202894,94.76256895882233,20.1,53.37133897736067,0.0,,,0.3,synthetic_vegetative,ok,independent_synthetic_two_layer_bridge_only
2026-05-17T04:45:00Z,SYNTHETIC_TWO_LAYER_SITE,ZONE_01,B09,validation,15,10.0,0.2636781381082662,0.22050297289248177,1.0,0.8689562485410746,0.5793041656940496,103.45213144423307,20.1,53.53642371392593,0.0,,,0.3,synthetic_vegetative,ok,independent_synthetic_two_layer_bridge_only
2026-05-17T05:00:00Z,SYNTHETIC_TWO_LAYER_SITE,ZONE_01,B09,validation,15,10.0,0.2674127220985394,0.2227626474818475,1.0,0.8634300920520226,0.575620061368015,112.0864323647533,20.1,53.76943058576633,0.0,,,0.3,synthetic_vegetative,ok,independent_synthetic_two_layer_bridge_only
2026-05-17T05:15:00Z,SYNTHETIC_TWO_LAYER_SITE,ZONE_01,B09,validation,15,10.0,0.2708606172513609,0.22396227754175366,1.0,0.8650434203024117,0.5766956135349411,120.73686656777743,20.1,54.06936182168477,0.0,,,0.3,synthetic_vegetative,ok,independent_synthetic_two_layer_bridge_only
2026-05-17T05:30:00Z,SYNTHETIC_TWO_LAYER_SITE,ZONE_01,B09,validation,15,10.0,0.2685304896835224,0.22625379624435582,0.0,0.0,0.0,120.73686656777743,20.1,54.43493307008276,0.0,,,0.3,synthetic_vegetative,ok,independent_synthetic_two_layer_bridge_only
2026-05-17T05:45:00Z,SYNTHETIC_TWO_LAYER_SITE,ZONE_01,B09,validation,15,10.0,0.265918272484619,0.22771189596347302,0.0,0.0,0.0,120.73686656777743,20.1,54.864578898751134,0.0,,,0.3,synthetic_vegetative,ok,independent_synthetic_two_layer_bridge_only
2026-05-17T06:00:00Z,SYNTHETIC_TWO_LAYER_SITE,ZONE_01,B09,validation,15,10.0,0.26371351245251995,0.2296311223464062,0.0,0.0,0.0,120.73686656777743,20.1,55.35645949829111,0.0,,,0.3,synthetic_vegetative,ok,independent_synthetic_two_layer_bridge_only
2026-05-17T06:15:00Z,SYNTHETIC_TWO_LAYER_SITE,ZONE_01,B09,validation,15,10.0,0.2612331076817691,0.2312985517454346,0.0,0.0,0.0,120.73686656777743,20.557821904611004,56.46182258530295,24.00542198260484,,,0.3,synthetic_vegetative,ok,independent_synthetic_two_layer_bridge_only
2026-05-17T06:30:00Z,SYNTHETIC_TWO_LAYER_SITE,ZONE_01,B09,validation,15,10.0,0.25845531337347166,0.23123721312208076,0.0,0.0,0.0,120.73686656777743,21.01368334554036,57.588296128352425,47.30318142796303,,,0.3,synthetic_vegetative,ok,independent_synthetic_two_layer_bridge_only
2026-05-17T06:45:00Z,SYNTHETIC_TWO_LAYER_SITE,ZONE_01,B09,validation,15,10.0,0.25802923478575046,0.23302615161056395,0.0,0.0,0.0,120.73686656777743,21.4656322541129,58.7279537930841,70.60326218062232,,,0.3,synthetic_vegetative,ok,independent_synthetic_two_layer_bridge_only
2026-05-17T07:00:00Z,SYNTHETIC_TWO_LAYER_SITE,ZONE_01,B09,validation,15,10.0,0.255473520909842,0.23201381506224653,0.0,0.0,0.0,120.73686656777743,21.911733315717647,59.87352612201548,94.61086926302237,,,0.3,synthetic_vegetative,ok,independent_synthetic_two_layer_bridge_only
2026-05-17T07:15:00Z,SYNTHETIC_TWO_LAYER_SITE,ZONE_01,B09,validation,15,10.0,0.25353846940576974,0.2335857141666433,0.0,0.0,0.0,120.73686656777743,22.350076257122133,61.018423241998896,119.96064235410691,,,0.3,synthetic_vegetative,ok,independent_synthetic_two_layer_bridge_only
2026-05-17T07:30:00Z,SYNTHETIC_TWO_LAYER_SITE,ZONE_01,B09,validation,15,10.0,0.25173867865457367,0.23426023296326837,0.0,0.0,0.0,120.73686656777743,22.77878402655563,62.156741714931506,147.15591077012814,,,0.3,synthetic_vegetative,ok,independent_synthetic_two_layer_bridge_only
2026-05-17T07:45:00Z,SYNTHETIC_TWO_LAYER_SITE,ZONE_01,B09,validation,15,10.0,0.2503043238071449,0.2344900896523552,0.0,0.0,0.0,120.73686656777743,23.196020831533012,63.283257763101105,176.51749717355915,,,0.3,synthetic_vegetative,ok,independent_synthetic_two_layer_bridge_only
2026-05-17T08:00:00Z,SYNTHETIC_TWO_LAYER_SITE,ZONE_01,B09,validation,15,10.0,0.25010054822582595,0.23585595523300404,0.0,0.0,0.0,120.73686656777743,23.6,64.39340911617376,208.14589388051778,,,0.3,synthetic_vegetative,ok,independent_synthetic_two_layer_bridge_only
2026-05-17T08:15:00Z,SYNTHETIC_TWO_LAYER_SITE,ZONE_01,B09,validation,15,10.0,0.24879135745902,0.23495523256615505,0.0,0.0,0.0,120.73686656777743,23.988991631137218,65.48326765917842,241.89967642066358,,,0.3,synthetic_vegetative,ok,independent_synthetic_two_layer_bridge_only
2026-05-17T08:30:00Z,SYNTHETIC_TWO_LAYER_SITE,ZONE_01,B09,validation,15,10.0,0.24684181445041573,0.2363546000280143,0.0,0.0,0.0,120.73686656777743,24.361330003061045,66.54950492919185,277.3918525322935,,,0.3,synthetic_vegetative,ok,independent_synthetic_two_layer_bridge_only
2026-05-17T08:45:00Z,SYNTHETIC_TWO_LAYER_SITE,ZONE_01,B09,validation,15,10.0,0.24685292119211114,0.23599947498135068,0.0,0.0,0.0,120.73686656777743,24.71542070570048,67.58935233094799,314.00455451248985,,,0.3,synthetic_vegetative,ok,independent_synthetic_two_layer_bridge_only
2026-05-17T09:00:00Z,SYNTHETIC_TWO_LAYER_SITE,ZONE_01,B09,validation,15,10.0,0.2456861754426854,0.23735997472033912,0.0,0.0,0.0,120.73686656777743,25.04974746830583,68.60055773464597,350.92116114125827,,,0.3,synthetic_vegetative,ok,independent_synthetic_two_layer_bridge_only
2026-05-17T09:15:00Z,SYNTHETIC_TWO_LAYER_SITE,ZONE_01,B09,validation,15,10.0,0.24262081383590262,0.23628235684529172,0.0,0.0,0.0,120.73686656777743,25.362878652352844,69.58133989689598,387.1736769008816,,,0.3,synthetic_vegetative,ok,independent_synthetic_two_layer_bridge_only
2026-05-17T09:30:00Z,SYNTHETIC_TWO_LAYER_SITE,ZONE_01,B09,validation,15,10.0,0.24303731028580663,0.23714200417666087,0.0,0.0,0.0,120.73686656777743,25.653473382038648,70.53034191963758,421.702091079161,,,0.3,synthetic_vegetative,ok,independent_synthetic_two_layer_bridge_only
2026-05-17T09:45:00Z,SYNTHETIC_TWO_LAYER_SITE,ZONE_01,B09,validation,15,10.0,0.24176184151163035,0.23696764958750752,0.0,0.0,0.0,120.73686656777743,25.92028728611782,71.44658474114391,453.42156681280005,,,0.3,synthetic_vegetative,ok,independent_synthetic_two_layer_bridge_only
2026-05-17T10:00:00Z,SYNTHETIC_TWO_LAYER_SITE,ZONE_01,B09,validation,15,10.0,0.24073488422665057,0.23669649303346776,0.0,0.0,0.0,120.73686656777743,26.16217782649107,72.32942144471201,481.29273283572365,,,0.3,synthetic_vegetative,ok,independent_synthetic_two_layer_bridge_only
2026-05-17T10:15:00Z,SYNTHETIC_TWO_LAYER_SITE,ZONE_01,B09,validation,15,10.0,0.23975076099466408,0.23542240388115007,0.0,0.0,0.0,120.73686656777743,26.37810919072882,73.17849297908346,504.39011021122326,,,0.3,synthetic_vegetative,ok,independent_synthetic_two_layer_bridge_only
2026-05-17T10:30:00Z,SYNTHETIC_TWO_LAYER_SITE,ZONE_01,B09,validation,15,10.0,0.23907117415955656,0.2360028592570106,0.0,0.0,0.0,120.73686656777743,26.567156727579007,73.99368571301065,521.963820158865,,,0.3,synthetic_vegetative,ok,independent_synthetic_two_layer_bridge_only
2026-05-17T10:45:00Z,SYNTHETIC_TWO_LAYER_SITE,ZONE_01,B09,validation,15,10.0,0.23717338068051189,0.23513779364952617,0.0,0.0,0.0,120.73686656777743,26.72851090646574,74.77509109619488,533.490179439597,,,0.3,synthetic_vegetative,ok,independent_synthetic_two_layer_bridge_only
2026-05-17T11:00:00Z,SYNTHETIC_TWO_LAYER_SITE,ZONE_01,B09,validation,15,10.0,0.23681032559303722,0.2372831248290185,0.0,0.0,0.0,120.73686656777743,26.861480784023477,75.52296757045386,538.7075640792025,,,0.3,synthetic_vegetative,ok,independent_synthetic_two_layer_bridge_only
2026-05-17T11:15:00Z,SYNTHETIC_TWO_LAYER_SITE,ZONE_01,B09,validation,15,10.0,0.23636056706749364,0.23633985195725954,0.0,0.0,0.0,120.73686656777743,26.965496962822613,76.23770476797544,537.6349554964042,,,0.3,synthetic_vegetative,ok,independent_synthetic_two_layer_bridge_only
2026-05-17T11:30:00Z,SYNTHETIC_TWO_LAYER_SITE,ZONE_01,B09,validation,15,10.0,0.23525961156773786,0.23571923935221983,0.0,0.0,0.0,120.73686656777743,27.040114029616674,76.91978994686228,530.5718018482743,,,0.3,synthetic_vegetative,ok,independent_synthetic_two_layer_bridge_only
2026-05-17T11:45:00Z,SYNTHETIC_TWO_LAYER_SITE,ZONE_01,B09,validation,15,10.0,0.23366264117038568,0.23525099509225503,0.0,0.0,0.0,120.73686656777743,27.085012462670225,77.56977654652252,518.0791448355344,,,0.3,synthetic_vegetative,ok,independent_synthetic_two_layer_bridge_only
2026-05-17T12:00:00Z,SYNTHETIC_TWO_LAYER_SITE,ZONE_01,B09,validation,15,10.0,0.23368496321120977,0.23540139406617883,0.0,0.0,0.0,120.73686656777743,27.1,78.18825469531974,500.94328447560343,,,0.3,synthetic_vegetative,ok,independent_synthetic_two_layer_bridge_only
2026-05-17T12:15:00Z,SYNTHETIC_TWO_LAYER_SITE,ZONE_01,B09,validation,15,10.0,0.23315290752712137,0.23443423116973788,0.0,0.0,0.0,120.73686656777743,27.085012462670225,78.77582346878418,480.1244872332728,,,0.3,synthetic_vegetative,ok,independent_synthetic_two_layer_bridge_only
2026-05-17T12:30:00Z,SYNTHETIC_TWO_LAYER_SITE,ZONE_01,B09,validation,15,10.0,0.23312201161363613,0.23543076134136728,0.0,0.0,0.0,120.73686656777743,27.040114029616674,79.33306467724752,456.6942985371755,,,0.3,synthetic_vegetative,ok,independent_synthetic_two_layer_bridge_only
2026-05-17T12:45:00Z,SYNTHETIC_TWO_LAYER_SITE,ZONE_01,B09,validation,15,10.0,0.23215054357407613,0.23398142318072188,0.0,0.0,0.0,120.73686656777743,26.965496962822613,79.86051795584551,431.7658238767115,,,0.3,synthetic_vegetative,ok,independent_synthetic_two_layer_bridge_only
2026-05-17T13:00:00Z,SYNTHETIC_TWO_LAYER_SITE,ZONE_01,B09,validation,15,10.0,0.23136891990662367,0.23369292755029117,0.0,0.0,0.0,120.73686656777743,26.861480784023477,80.3586569365361,406.42183614568313,,,0.3,synthetic_vegetative,ok,independent_synthetic_two_layer_bridge_only
2026-05-17T13:15:00Z,SYNTHETIC_TWO_LAYER_SITE,ZONE_01,B09,validation,15,10.0,0.2310878890013656,0.23363330003406932,0.0,0.0,0.0,120.73686656777743,26.728510906465743,80.8278663004802,381.6457155436555,,,0.3,synthetic_vegetative,ok,independent_synthetic_two_layer_bridge_only
2026-05-17T13:30:00Z,SYNTHETIC_TWO_LAYER_SITE,ZONE_01,B09,validation,15,10.0,0.2310794811059499,0.23326983102486085,0.0,0.0,0.0,120.73686656777743,26.56715672757901,81.26841953946877,358.2600216316113,,,0.3,synthetic_vegetative,ok,independent_synthetic_two_layer_bridge_only
2026-05-17T13:45:00Z,SYNTHETIC_TWO_LAYER_SITE,ZONE_01,B09,validation,15,10.0,0.22958295762976796,0.2323698974449129,0.0,0.0,0.0,120.73686656777743,26.37810919072882,81.68045729693138,336.87694988319964,,,0.3,synthetic_vegetative,ok,independent_synthetic_two_layer_bridge_only
2026-05-17T14:00:00Z,SYNTHETIC_TWO_LAYER_SITE,ZONE_01,B09,validation,15,10.0,0.23083236410439842,0.233090697279091,0.0,0.0,0.0,120.73686656777743,26.162177826491074,82.06396621248636,317.8640763861159,,,0.3,synthetic_vegetative,ok,independent_synthetic_two_layer_bridge_only
2026-05-17T14:15:00Z,SYNTHETIC_TWO_LAYER_SITE,ZONE_01,B09,validation,15,10.0,0.23049201726253388,0.23192771943136561,0.0,0.0,0.0,120.73686656777743,25.92028728611782,82.4187582591488,301.3277048354995,,,0.3,synthetic_vegetative,ok,independent_synthetic_two_layer_bridge_only
2026-05-17T14:30:00Z,SYNTHETIC_TWO_LAYER_SITE,ZONE_01,B09,validation,15,10.0,0.22948839407525465,0.23281522841342545,0.0,0.0,0.0,120.73686656777743,25.653473382038648,82.74445063935235,287.11487739419437,,,0.3,synthetic_vegetative,ok,independent_synthetic_two_layer_bridge_only
2026-05-17T14:45:00Z,SYNTHETIC_TWO_LAYER_SITE,ZONE_01,B09,validation,15,10.0,0.22801153893647522,0.23120995193946195,0.0,0.0,0.0,120.73686656777743,25.362878652352844,83.04044639488039,274.8337847547241,,,0.3,synthetic_vegetative,ok,independent_synthetic_two_layer_bridge_only
2026-05-17T15:00:00Z,SYNTHETIC_TWO_LAYER_SITE,ZONE_01,B09,validation,15,10.0,0.22833913342225776,0.23080376591170507,0.0,0.0,0.0,120.73686656777743,25.049747468305835,83.30591598636042,263.8910054310895,,,0.3,synthetic_vegetative,ok,independent_synthetic_two_layer_bridge_only
2026-05-17T15:15:00Z,SYNTHETIC_TWO_LAYER_SITE,ZONE_01,B09,validation,15,10.0,0.22814384750041153,0.23147036726402978,0.0,0.0,0.0,120.73686656777743,24.715420705700485,83.5397802093927,253.54281300831786,,,0.3,synthetic_vegetative,ok,independent_synthetic_two_layer_bridge_only
2026-05-17T15:30:00Z,SYNTHETIC_TWO_LAYER_SITE,ZONE_01,B09,validation,15,10.0,0.22780827129772038,0.23155298635516644,0.0,0.0,0.0,120.73686656777743,24.36133000306105,83.74069493522649,242.95679767712556,,,0.3,synthetic_vegetative,ok,independent_synthetic_two_layer_bridge_only
2026-05-17T15:45:00Z,SYNTHETIC_TWO_LAYER_SITE,ZONE_01,B09,validation,15,10.0,0.22798254444107657,0.23153868329150798,0.0,0.0,0.0,120.73686656777743,23.988991631137218,83.90703829182199,231.27932553054546,,,0.3,synthetic_vegetative,ok,independent_synthetic_two_layer_bridge_only
2026-05-17T16:00:00Z,SYNTHETIC_TWO_LAYER_SITE,ZONE_01,B09,validation,15,10.0,0.22708870456925698,0.23171776372497627,0.0,0.0,0.0,120.73686656777743,23.6,84.03690103269967,217.70395716298987,,,0.3,synthetic_vegetative,ok,independent_synthetic_two_layer_bridge_only
2026-05-17T16:15:00Z,SYNTHETIC_TWO_LAYER_SITE,ZONE_01,B09,validation,15,10.0,0.2278252850843176,0.23062946155886085,0.0,0.0,0.0,120.73686656777743,23.196020831533012,84.12808097140012,201.53589450256217,,,0.3,synthetic_vegetative,ok,independent_synthetic_two_layer_bridge_only
2026-05-17T16:30:00Z,SYNTHETIC_TWO_LAYER_SITE,ZONE_01,B09,validation,15,10.0,0.22730972780981562,0.23080669403441556,0.0,0.0,0.0,120.73686656777743,22.77878402655563,84.17808248239739,182.24782496097774,,,0.3,synthetic_vegetative,ok,independent_synthetic_two_layer_bridge_only
2026-05-17T16:45:00Z,SYNTHETIC_TWO_LAYER_SITE,ZONE_01,B09,validation,15,10.0,0.22669365631485147,0.23019847243668365,0.0,0.0,0.0,120.73686656777743,22.350076257122133,84.18412217705878,159.52316312329634,,,0.3,synthetic_vegetative,ok,independent_synthetic_two_layer_bridge_only
2026-05-17T17:00:00Z,SYNTHETIC_TWO_LAYER_SITE,ZONE_01,B09,validation,15,10.0,0.22751109533262712,0.23086410314662165,0.0,0.0,0.0,120.73686656777743,21.911733315717647,84.14314194624826,133.2836068900491,,,0.3,synthetic_vegetative,ok,independent_synthetic_two_layer_bridge_only
2026-05-17T17:15:00Z,SYNTHETIC_TWO_LAYER_SITE,ZONE_01,B09,validation,15,10.0,0.22658702965362024,0.22990448240131578,0.0,0.0,0.0,120.73686656777743,21.465632254112897,84.05183060846107,103.69906139590633,,,0.3,synthetic_vegetative,ok,independent_synthetic_two_layer_bridge_only
2026-05-17T17:30:00Z,SYNTHETIC_TWO_LAYER_SITE,ZONE_01,B09,validation,15,10.0,0.22748295177667593,0.2294272673981708,0.0,0.0,0.0,120.73686656777743,21.013683345540365,83.90665540178045,71.17925864137266,,,0.3,synthetic_vegetative,ok,independent_synthetic_two_layer_bridge_only
2026-05-17T17:45:00Z,SYNTHETIC_TWO_LAYER_SITE,ZONE_01,B09,validation,15,10.0,0.2282060783234841,0.2294847366205213,0.0,0.0,0.0,120.73686656777743,20.557821904611004,83.70390449658524,36.34772220956551,,,0.3,synthetic_vegetative,ok,independent_synthetic_two_layer_bridge_only
2026-05-17T18:00:00Z,SYNTHETIC_TWO_LAYER_SITE,ZONE_01,B09,validation,15,10.0,0.2281243465069397,0.22946877692591508,0.0,0.0,0.0,120.73686656777743,20.1,83.43974157094134,6.88726176398396e-14,,,0.3,synthetic_vegetative,ok,independent_synthetic_two_layer_bridge_only
2026-05-17T18:15:00Z,SYNTHETIC_TWO_LAYER_SITE,ZONE_01,B09,validation,15,10.0,0.22753760982031346,0.229836903534586,0.0,0.0,0.0,120.73686656777743,20.1,82.88773250877186,0.0,,,0.3,synthetic_vegetative,ok,independent_synthetic_two_layer_bridge_only
2026-05-17T18:30:00Z,SYNTHETIC_TWO_LAYER_SITE,ZONE_01,B09,validation,15,10.0,0.2268659154295836,0.22996186966991708,0.0,0.0,0.0,120.73686656777743,20.1,82.27795877152306,0.0,,,0.3,synthetic_vegetative,ok,independent_synthetic_two_layer_bridge_only
2026-05-17T18:45:00Z,SYNTHETIC_TWO_LAYER_SITE,ZONE_01,B09,validation,15,10.0,0.22759759769328303,0.22887654811684963,0.0,0.0,0.0,120.73686656777743,20.1,81.61303150395203,0.0,,,0.3,synthetic_vegetative,ok,independent_synthetic_two_layer_bridge_only
2026-05-17T19:00:00Z,SYNTHETIC_TWO_LAYER_SITE,ZONE_01,B09,validation,15,10.0,0.22705273376687618,0.22938365480369782,0.0,0.0,0.0,120.73686656777743,20.1,80.89579802669998,0.0,,,0.3,synthetic_vegetative,ok,independent_synthetic_two_layer_bridge_only
2026-05-17T19:15:00Z,SYNTHETIC_TWO_LAYER_SITE,ZONE_01,B09,validation,15,10.0,0.22842964254191675,0.22872171805804553,0.0,0.0,0.0,120.73686656777743,20.1,80.1293296436282,0.0,,,0.3,synthetic_vegetative,ok,independent_synthetic_two_layer_bridge_only
2026-05-17T19:30:00Z,SYNTHETIC_TWO_LAYER_SITE,ZONE_01,B09,validation,15,10.0,0.22751805841081643,0.22861816079335673,0.0,0.0,0.0,120.73686656777743,20.1,79.31690849002337,0.0,,,0.3,synthetic_vegetative,ok,independent_synthetic_two_layer_bridge_only
2026-05-17T19:45:00Z,SYNTHETIC_TWO_LAYER_SITE,ZONE_01,B09,validation,15,10.0,0.2283709627415775,0.2279930547429943,0.0,0.0,0.0,120.73686656777743,20.1,78.46201347799037,0.0,,,0.3,synthetic_vegetative,ok,independent_synthetic_two_layer_bridge_only
2026-05-17T20:00:00Z,SYNTHETIC_TWO_LAYER_SITE,ZONE_01,B09,validation,15,10.0,0.22710123396923618,0.22848348306457292,0.0,0.0,0.0,120.73686656777743,20.1,77.56830539921661,0.0,,,0.3,synthetic_vegetative,ok,independent_synthetic_two_layer_bridge_only
2026-05-17T20:15:00Z,SYNTHETIC_TWO_LAYER_SITE,ZONE_01,B09,validation,15,10.0,0.22888052570484588,0.22796274964690288,0.0,0.0,0.0,120.73686656777743,20.1,76.63961124889995,0.0,,,0.3,synthetic_vegetative,ok,independent_synthetic_two_layer_bridge_only
2026-05-17T20:30:00Z,SYNTHETIC_TWO_LAYER_SITE,ZONE_01,B09,validation,15,10.0,0.2270038211792953,0.22830975609563225,0.0,0.0,0.0,120.73686656777743,20.1,75.67990783796783,0.0,,,0.3,synthetic_vegetative,ok,independent_synthetic_two_layer_bridge_only
2026-05-17T20:45:00Z,SYNTHETIC_TWO_LAYER_SITE,ZONE_01,B09,validation,15,10.0,0.22830538688808216,0.22845645951201562,0.0,0.0,0.0,120.73686656777743,20.1,74.69330476376209,0.0,,,0.3,synthetic_vegetative,ok,independent_synthetic_two_layer_bridge_only
2026-05-17T21:00:00Z,SYNTHETIC_TWO_LAYER_SITE,ZONE_01,B09,validation,15,10.0,0.2277923616069392,0.2284428197483288,0.0,0.0,0.0,120.73686656777743,20.1,73.68402681211266,0.0,,,0.3,synthetic_vegetative,ok,independent_synthetic_two_layer_bridge_only
2026-05-17T21:15:00Z,SYNTHETIC_TWO_LAYER_SITE,ZONE_01,B09,validation,15,10.0,0.22756485970792717,0.22763909514950245,0.0,0.0,0.0,120.73686656777743,20.1,72.65639586615558,0.0,,,0.3,synthetic_vegetative,ok,independent_synthetic_two_layer_bridge_only
2026-05-17T21:30:00Z,SYNTHETIC_TWO_LAYER_SITE,ZONE_01,B09,validation,15,10.0,0.22755483911294014,0.2282178494434443,0.0,0.0,0.0,120.73686656777743,20.1,71.61481239936627,0.0,,,0.3,synthetic_vegetative,ok,independent_synthetic_two_layer_bridge_only
2026-05-17T21:45:00Z,SYNTHETIC_TWO_LAYER_SITE,ZONE_01,B09,validation,15,10.0,0.22750430544676808,0.2281428890365829,0.0,0.0,0.0,120.73686656777743,20.1,70.5637366320563,0.0,,,0.3,synthetic_vegetative,ok,independent_synthetic_two_layer_bridge_only
2026-05-17T22:00:00Z,SYNTHETIC_TWO_LAYER_SITE,ZONE_01,B09,validation,15,10.0,0.22719770276802861,0.22818823370965718,0.0,0.0,0.0,120.73686656777743,20.1,69.50766943202538,0.0,,,0.3,synthetic_vegetative,ok,independent_synthetic_two_layer_bridge_only
2026-05-17T22:15:00Z,SYNTHETIC_TWO_LAYER_SITE,ZONE_01,B09,validation,15,10.0,0.22617160634703107,0.22706002558383023,0.0,0.0,0.0,120.73686656777743,20.1,68.45113304115442,0.0,,,0.3,synthetic_vegetative,ok,independent_synthetic_two_layer_bridge_only
2026-05-17T22:30:00Z,SYNTHETIC_TWO_LAYER_SITE,ZONE_01,B09,validation,15,10.0,0.22717708083286514,0.22786671097462163,0.0,0.0,0.0,120.73686656777743,20.1,67.39865171047157,0.0,,,0.3,synthetic_vegetative,ok,independent_synthetic_two_layer_bridge_only
2026-05-17T22:45:00Z,SYNTHETIC_TWO_LAYER_SITE,ZONE_01,B09,validation,15,10.0,0.22819377927360968,0.22686597892869964,0.0,0.0,0.0,120.73686656777743,20.1,66.35473232661467,0.0,,,0.3,synthetic_vegetative,ok,independent_synthetic_two_layer_bridge_only
2026-05-17T23:00:00Z,SYNTHETIC_TWO_LAYER_SITE,ZONE_01,B09,validation,15,10.0,0.22740112489152425,0.22713948696138103,0.0,0.0,0.0,120.73686656777743,20.1,65.32384511265083,0.0,,,0.3,synthetic_vegetative,ok,independent_synthetic_two_layer_bridge_only
2026-05-17T23:15:00Z,SYNTHETIC_TWO_LAYER_SITE,ZONE_01,B09,validation,15,10.0,0.22748879932890306,0.2269931198348572,0.0,0.0,0.0,120.73686656777743,20.1,64.3104044858949,0.0,,,0.3,synthetic_vegetative,ok,independent_synthetic_two_layer_bridge_only
2026-05-17T23:30:00Z,SYNTHETIC_TWO_LAYER_SITE,ZONE_01,B09,validation,15,10.0,0.22663894473470533,0.22751295572698776,0.0,0.0,0.0,120.73686656777743,20.1,63.31875015469692,0.0,,,0.3,synthetic_vegetative,ok,independent_synthetic_two_layer_bridge_only
2026-05-17T23:45:00Z,SYNTHETIC_TWO_LAYER_SITE,ZONE_01,B09,validation,15,10.0,0.22676270786588681,0.2272062474760474,0.0,0.0,0.0,120.73686656777743,20.1,62.3531285351446,0.0,,,0.3,synthetic_vegetative,ok,independent_synthetic_two_layer_bridge_only
2026-05-18T00:00:00Z,SYNTHETIC_TWO_LAYER_SITE,ZONE_01,B09,validation,15,10.0,0.2258568558984782,0.2269862461023593,0.0,0.0,0.0,120.73686656777743,20.1,61.4176745672578,0.0,0.22622248878604523,0.2267343020115495,0.3,synthetic_vegetative,ok,independent_synthetic_two_layer_bridge_only
